"場所\ﾀｽｸ名"	"状態"	"説明"	"ﾀｽｸの実行時に使うﾕｰｻﾞｰ ｱｶｳﾝﾄ"	"(実行種別)"	"最上位の特権で実行する"	"表示しない"	"構成"	"ﾀｽｸの開始"	"遅延時間を指定する"	"遅延時間"	"繰り返し間隔"	"繰り返し間隔"	"継続時間"	"繰り返し継続時間の最後に実行中のすべてのﾀｽｸを停止する"	"停止するまでの時間"	"停止するまでの時間"	"開始/ｱｸﾃｨﾌﾞ化"	"開始/ｱｸﾃｨﾌﾞ化"	"有効期限"	"有効期限"	"有効"	"操作"	"次の間ｱｲﾄﾞﾙ状態の場合のみﾀｽｸを開始する"	"時間"	"ｱｲﾄﾞﾙ状態になるのを待機する時間"	"ｺﾝﾋﾟｭｰﾀがｱｲﾄﾞﾙ状態でなくなった場合は停止する"	"再びｱｲﾄﾞﾙ状態になったら再開する"	"ｺﾝﾋﾟｭｰﾀをAC電源で使用している場合のみﾀｽｸを開始する"	"ｺﾝﾋﾟｭｰﾀの電源をﾊﾞｯﾃﾘに切り替える場合は停止する"	"ﾀｽｸを実行するためにｽﾘｰﾌﾟを解除する"	"次のﾈｯﾄﾜｰｸ接続が使用可能な場合のみﾀｽｸを開始する"	"ﾈｯﾄﾜｰｸ接続"	"ﾀｽｸを要求時に実行する"	"ｽｹｼﾞｭｰﾙされた時刻にﾀｽｸを開始できなかった場合、すぐにﾀｽｸを実行する"	"ﾀｽｸが失敗した場合の再起動の間隔"	"間隔"	"再起動試行の最大数"	"ﾀｽｸを停止するまでの時間"	"時間"	"要求時に実行中のﾀｽｸが終了しない場合、ﾀｽｸを強制的に停止する"	"ﾀｽｸの再実行がｽｹｼﾞｭｰﾙされていない場合に削除されるまでの時間"	"時間"	"ﾀｽｸが既に実行中の場合に適用される規則"
"\OneDrive Standalone Update Task v2"	"有効"	""	"********\********"	"ﾕｰｻﾞｰがﾛｸﾞｵﾝしているときのみ実行する"	"□"	"□"	"Windows Vista, Windows Server 2008"	"ﾀｽｸの開始:ｽｹｼﾞｭｰﾙに従う 設定:1回"	"レ"	"1日間"	"レ"	"1日間"	"無期限"	"□"	"□"	""	"レ"	"1992-05-01 04:00:00"	"□"	""	"レ"	"操作:ﾌﾟﾛｸﾞﾗﾑの開始 設定:ﾌﾟﾛｸﾞﾗﾑ/ｽｸﾘﾌﾟﾄ:%localappdata%\Microsoft\OneDrive\OneDriveStandaloneUpdater.exe"	"□"	""	""	""	""	"□"	""	"□"	"レ"	"任意の接続"	"レ"	"レ"	"□"	""	""	"レ"	"1日間"	"レ"	"□"	""	"新しいｲﾝｽﾀﾝｽを開始しない"
"\Microsoft\Windows\.NET Framework\.NET Framework NGEN v4.0.30319"	"有効"	""	"NT AUTHORITY\SYSTEM"	"ﾕｰｻﾞｰがﾛｸﾞｵﾝしているかどうかにかかわらず実行する"	"□"	"レ"	"Windows 10"	"ﾀｽｸの開始:(未定義)"	""	""	""	""	""	""	""	""	""	""	""	""	""	"操作:ｶｽﾀﾑ ﾊﾝﾄﾞﾗｰ 設定:ClassId:{84F0FAE1-C27B-4F6F-807B-28CF6F96287D} Data:/RuntimeWide"	"□"	""	""	""	""	"レ"	"レ"	"□"	"□"	""	"レ"	"□"	"□"	""	""	"レ"	"2時間"	"レ"	"□"	""	"新しいｲﾝｽﾀﾝｽを開始しない"
"\Microsoft\Windows\.NET Framework\.NET Framework NGEN v4.0.30319 64"	"有効"	""	"NT AUTHORITY\SYSTEM"	"ﾕｰｻﾞｰがﾛｸﾞｵﾝしているかどうかにかかわらず実行する"	"□"	"レ"	"Windows 10"	"ﾀｽｸの開始:(未定義)"	""	""	""	""	""	""	""	""	""	""	""	""	""	"操作:ｶｽﾀﾑ ﾊﾝﾄﾞﾗｰ 設定:ClassId:{429BC048-379E-45E0-80E4-EB1977941B5C} Data:/RuntimeWide"	"□"	""	""	""	""	"レ"	"レ"	"□"	"□"	""	"レ"	"□"	"□"	""	""	"レ"	"2時間"	"レ"	"□"	""	"新しいｲﾝｽﾀﾝｽを開始しない"
"\Microsoft\Windows\.NET Framework\.NET Framework NGEN v4.0.30319 64 Critical"	"無効"	""	"NT AUTHORITY\SYSTEM"	"ﾕｰｻﾞｰがﾛｸﾞｵﾝしているかどうかにかかわらず実行する"	"□"	"レ"	"Windows 10"	"ﾀｽｸの開始:ｱｲﾄﾞﾙ時 設定:(なし)"	"□"	""	"□"	""	""	""	"□"	""	"□"	""	"□"	""	"レ"	"操作:ｶｽﾀﾑ ﾊﾝﾄﾞﾗｰ 設定:ClassId:{613FBA38-A3DF-4AB8-9674-5604984A299A} Data:/RuntimeWide"	"□"	""	""	""	""	"□"	""	"レ"	"□"	""	"レ"	"□"	"□"	""	""	"レ"	"2時間"	"レ"	"□"	""	"新しいｲﾝｽﾀﾝｽを開始しない"
"\Microsoft\Windows\.NET Framework\.NET Framework NGEN v4.0.30319 Critical"	"無効"	""	"NT AUTHORITY\SYSTEM"	"ﾕｰｻﾞｰがﾛｸﾞｵﾝしているかどうかにかかわらず実行する"	"□"	"レ"	"Windows 10"	"ﾀｽｸの開始:ｱｲﾄﾞﾙ時 設定:(なし)"	"□"	""	"□"	""	""	""	"□"	""	"□"	""	"□"	""	"レ"	"操作:ｶｽﾀﾑ ﾊﾝﾄﾞﾗｰ 設定:ClassId:{DE434264-8FE9-4C0B-A83B-89EBEEBFF78E} Data:/RuntimeWide"	"□"	""	""	""	""	"□"	""	"レ"	"□"	""	"レ"	"□"	"□"	""	""	"レ"	"2時間"	"レ"	"□"	""	"新しいｲﾝｽﾀﾝｽを開始しない"
"\Microsoft\Windows\Active Directory Rights Management Services Client\AD RMS Rights Policy Template Management (Automated)"	"無効"	"ユーザーの AD RMS 権利ポリシー テンプレートを更新します。このジョブでは、サーバーでテンプレート配布 Web サービスへの認証が失敗した場合でも、資格情報の入力は要求されません。この場合は、エラーなどが発生することなくジョブが失敗します。"	"\Everyone"	"ﾕｰｻﾞｰがﾛｸﾞｵﾝしているときのみ実行する"	"□"	"□"	"Windows 10"	"ﾀｽｸの開始:ｽｹｼﾞｭｰﾙに従う 設定:毎日 間隔(日):1"	"レ"	"1時間"	"□"	""	""	""	"□"	""	"レ"	"2006-11-09 03:00:00"	"□"	""	"レ"	"操作:ｶｽﾀﾑ ﾊﾝﾄﾞﾗｰ 設定:ClassId:{CF2CF428-325B-48D3-8CA8-7633E36E5A32}"	"□"	""	""	""	""	"□"	""	"□"	"レ"	"任意の接続"	"レ"	"レ"	"□"	""	""	"レ"	"1時間"	"□"	"□"	""	"新しいｲﾝｽﾀﾝｽを並列で実行"
""	""	""	""	""	""	""	""	"ﾀｽｸの開始:ﾛｸﾞｵﾝ時 設定:任意のﾕｰｻﾞｰ"	"レ"	"1時間"	"□"	""	""	""	"□"	""	"□"	""	"□"	""	"レ"	""	""	""	""	""	""	""	""	""	""	""	""	""	""	""	""	""	""	""	""	""	""
"\Microsoft\Windows\Active Directory Rights Management Services Client\AD RMS Rights Policy Template Management (Manual)"	"有効"	"ユーザーの AD RMS 権利ポリシー テンプレートを更新します。このジョブでは、サーバーでテンプレート配布 Web サービスへの認証が失敗した場合に、資格情報の入力が要求されます。"	"\Everyone"	"ﾕｰｻﾞｰがﾛｸﾞｵﾝしているときのみ実行する"	"□"	"□"	"Windows 10"	"ﾀｽｸの開始:ﾛｸﾞｵﾝ時 設定:任意のﾕｰｻﾞｰ"	"レ"	"1時間"	"□"	""	""	""	"□"	""	"□"	""	"□"	""	"□"	"操作:ｶｽﾀﾑ ﾊﾝﾄﾞﾗｰ 設定:ClassId:{BF5CB148-7C77-4D8A-A53E-D81C70CF743C}"	"□"	""	""	""	""	"レ"	"レ"	"□"	"レ"	"任意の接続"	"レ"	"レ"	"□"	""	""	"レ"	"1時間"	"□"	"□"	""	"新しいｲﾝｽﾀﾝｽを並列で実行"
"\Microsoft\Windows\AppID\EDP Policy Manager"	"有効"	"このタスクは、Windows 情報保護を構成するために必要な手順を実行します。"	"NT AUTHORITY\LOCAL SERVICE"	"ﾕｰｻﾞｰがﾛｸﾞｵﾝしているかどうかにかかわらず実行する"	"□"	"□"	"Windows 10"	"ﾀｽｸの開始:ｶｽﾀﾑ ﾄﾘｶﾞｰ 設定:StateName:7588BCA328009213"	"□"	""	"□"	""	""	""	"□"	""	"□"	""	"□"	""	"レ"	"操作:ｶｽﾀﾑ ﾊﾝﾄﾞﾗｰ 設定:ClassId:{DECA92E0-AF85-439E-9204-86679978DA08} Data:EdpPolicyManager"	"□"	""	""	""	""	"□"	""	"□"	"□"	""	"レ"	"□"	"□"	""	""	"□"	""	"□"	"□"	""	"新しいｲﾝｽﾀﾝｽを開始しない"
""	""	""	""	""	""	""	""	"ﾀｽｸの開始:ｶｽﾀﾑ ﾄﾘｶﾞｰ 設定:StateName:75E0BCA328009213"	"□"	""	"□"	""	""	""	"□"	""	"□"	""	"□"	""	"レ"	""	""	""	""	""	""	""	""	""	""	""	""	""	""	""	""	""	""	""	""	""	""
"\Microsoft\Windows\AppID\PolicyConverter"	"無効"	"ソフトウェアの制限のポリシーを XML 形式からバイナリ形式に変換します。"	"NT AUTHORITY\SYSTEM"	"ﾕｰｻﾞｰがﾛｸﾞｵﾝしているかどうかにかかわらず実行する"	"□"	"□"	"Windows 10"	"ﾀｽｸの開始:(未定義)"	""	""	""	""	""	""	""	""	""	""	""	""	""	"操作:ﾌﾟﾛｸﾞﾗﾑの開始 設定:ﾌﾟﾛｸﾞﾗﾑ/ｽｸﾘﾌﾟﾄ:%windir%\system32\appidpolicyconverter.exe"	"□"	""	""	""	""	"□"	""	"□"	"□"	""	"レ"	"レ"	"□"	""	""	"レ"	"3日間"	"レ"	"□"	""	"新しいｲﾝｽﾀﾝｽをｷｭｰに追加"
"\Microsoft\Windows\AppID\VerifiedPublisherCertStoreCheck"	"無効"	"AppID 証明書キャッシュに、無効な証明書や失効した証明書がないかどうかを調べます。"	"NT AUTHORITY\LOCAL SERVICE"	"ﾕｰｻﾞｰがﾛｸﾞｵﾝしているかどうかにかかわらず実行する"	"□"	"□"	"Windows 10"	"ﾀｽｸの開始:ｽﾀｰﾄｱｯﾌﾟ時 設定:(なし)"	"レ"	"30分間"	"レ"	"1日間"	"無期限"	"□"	"□"	""	"□"	""	"□"	""	"レ"	"操作:ﾌﾟﾛｸﾞﾗﾑの開始 設定:ﾌﾟﾛｸﾞﾗﾑ/ｽｸﾘﾌﾟﾄ:%windir%\system32\appidcertstorecheck.exe"	"レ"	"3分間"	"23時間"	"レ"	"レ"	"レ"	"レ"	"□"	"□"	""	"レ"	"レ"	"□"	""	""	"レ"	"3日間"	"レ"	"□"	""	"新しいｲﾝｽﾀﾝｽをｷｭｰに追加"
"\Microsoft\Windows\Application Experience\Microsoft Compatibility Appraiser"	"有効"	"Microsoft カスタマー エクスペリエンス向上プログラムに参加している場合に、プログラムの利用統計情報を収集します。"	"NT AUTHORITY\SYSTEM"	"ﾕｰｻﾞｰがﾛｸﾞｵﾝしているかどうかにかかわらず実行する"	"□"	"□"	"Windows 10"	"ﾀｽｸの開始:ｽｹｼﾞｭｰﾙに従う 設定:1回"	"レ"	"2時間"	"レ"	"1日間"	"無期限"	"□"	"□"	""	"レ"	"2008-09-01 03:00:00"	"□"	""	"レ"	"操作:ﾌﾟﾛｸﾞﾗﾑの開始 設定:ﾌﾟﾛｸﾞﾗﾑ/ｽｸﾘﾌﾟﾄ:%windir%\system32\compattelrunner.exe"	"□"	""	""	""	""	"□"	""	"□"	"レ"	"任意の接続"	"レ"	"レ"	"□"	""	""	"レ"	"4日間"	"レ"	"□"	""	"新しいｲﾝｽﾀﾝｽを開始しない"
""	""	""	""	""	""	""	""	"ﾀｽｸの開始:ｶｽﾀﾑ ﾄﾘｶﾞｰ 設定:StateName:750CBCA3290B9641"	"□"	""	"□"	""	""	""	"□"	""	"□"	""	"□"	""	"□"	""	""	""	""	""	""	""	""	""	""	""	""	""	""	""	""	""	""	""	""	""	""
"\Microsoft\Windows\Application Experience\ProgramDataUpdater"	"有効"	"$(@%SystemRoot%\system32\invagent.dll,-702)"	"NT AUTHORITY\SYSTEM"	"ﾕｰｻﾞｰがﾛｸﾞｵﾝしているかどうかにかかわらず実行する"	"□"	"□"	"Windows 10"	"ﾀｽｸの開始:(未定義)"	""	""	""	""	""	""	""	""	""	""	""	""	""	"操作:ﾌﾟﾛｸﾞﾗﾑの開始 設定:ﾌﾟﾛｸﾞﾗﾑ/ｽｸﾘﾌﾟﾄ:%windir%\system32\compattelrunner.exe 引数の追加:-maintenance"	"□"	""	""	""	""	"レ"	"レ"	"□"	"□"	""	"レ"	"レ"	"□"	""	""	"レ"	"3日間"	"レ"	"□"	""	"新しいｲﾝｽﾀﾝｽを開始しない"
"\Microsoft\Windows\Application Experience\StartupAppTask"	"有効"	"スタートアップ エントリが多すぎる場合は、スタートアップ エントリをスキャンしてユーザーに通知します。"	"NT AUTHORITY\INTERACTIVE"	"ﾕｰｻﾞｰがﾛｸﾞｵﾝしているときのみ実行する"	"□"	"□"	"Windows 10"	"ﾀｽｸの開始:(未定義)"	""	""	""	""	""	""	""	""	""	""	""	""	""	"操作:ﾌﾟﾛｸﾞﾗﾑの開始 設定:ﾌﾟﾛｸﾞﾗﾑ/ｽｸﾘﾌﾟﾄ:%windir%\system32\rundll32.exe 引数の追加:Startupscan.dll,SusRunTask"	"□"	""	""	""	""	"レ"	"レ"	"□"	"□"	""	"レ"	"レ"	"□"	""	""	"レ"	"3日間"	"レ"	"□"	""	"新しいｲﾝｽﾀﾝｽを並列で実行"
"\Microsoft\Windows\ApplicationData\appuriverifierdaily"	"有効"	"AppUriHandler ホストの登録を検証します。"	"NT AUTHORITY\INTERACTIVE"	"ﾕｰｻﾞｰがﾛｸﾞｵﾝしているときのみ実行する"	"□"	"□"	"Windows 10"	"ﾀｽｸの開始:ｽｹｼﾞｭｰﾙに従う 設定:毎日 間隔(日):1"	"□"	""	"□"	""	""	""	"レ"	"5分間"	"レ"	"2016-04-11 03:00:00"	"□"	""	"レ"	"操作:ﾌﾟﾛｸﾞﾗﾑの開始 設定:ﾌﾟﾛｸﾞﾗﾑ/ｽｸﾘﾌﾟﾄ:%windir%\system32\AppHostRegistrationVerifier.exe"	"レ"	"10分間"	"1時間"	"□"	""	"レ"	"レ"	"□"	"レ"	"任意の接続"	"レ"	"レ"	"□"	""	""	"レ"	"15分間"	"レ"	"□"	""	"新しいｲﾝｽﾀﾝｽを開始しない"
"\Microsoft\Windows\ApplicationData\appuriverifierinstall"	"有効"	"AppUriHandler ホストの登録を検証します。"	"NT AUTHORITY\INTERACTIVE"	"ﾕｰｻﾞｰがﾛｸﾞｵﾝしているときのみ実行する"	"□"	"□"	"Windows 10"	"ﾀｽｸの開始:ｽｹｼﾞｭｰﾙに従う 設定:毎週 間隔(週):1 曜日:土"	"□"	""	"□"	""	""	""	"レ"	"5分間"	"レ"	"2016-04-11 03:00:00"	"□"	""	"レ"	"操作:ﾌﾟﾛｸﾞﾗﾑの開始 設定:ﾌﾟﾛｸﾞﾗﾑ/ｽｸﾘﾌﾟﾄ:%windir%\system32\AppHostRegistrationVerifier.exe"	"□"	""	""	""	""	"□"	""	"□"	"レ"	"任意の接続"	"レ"	"レ"	"□"	""	""	"レ"	"15分間"	"レ"	"□"	""	"新しいｲﾝｽﾀﾝｽを開始しない"
""	""	""	""	""	""	""	""	"ﾀｽｸの開始:ｶｽﾀﾑ ﾄﾘｶﾞｰ 設定:StateName:7508BCA32C7C8741"	"レ"	"1分間"	"□"	""	""	""	"□"	""	"□"	""	"□"	""	"レ"	""	""	""	""	""	""	""	""	""	""	""	""	""	""	""	""	""	""	""	""	""	""
"\Microsoft\Windows\ApplicationData\CleanupTemporaryState"	"有効"	"Cleans up each package's unused temporary files."	"NT AUTHORITY\SYSTEM"	"ﾕｰｻﾞｰがﾛｸﾞｵﾝしているかどうかにかかわらず実行する"	"□"	"□"	"Windows 10"	"ﾀｽｸの開始:(未定義)"	""	""	""	""	""	""	""	""	""	""	""	""	""	"操作:ﾌﾟﾛｸﾞﾗﾑの開始 設定:ﾌﾟﾛｸﾞﾗﾑ/ｽｸﾘﾌﾟﾄ:%windir%\system32\rundll32.exe 引数の追加:Windows.Storage.ApplicationData.dll,CleanupTemporaryState"	"□"	""	""	""	""	"レ"	"レ"	"□"	"□"	""	"レ"	"レ"	"□"	""	""	"レ"	"3日間"	"レ"	"□"	""	"新しいｲﾝｽﾀﾝｽを開始しない"
"\Microsoft\Windows\ApplicationData\DsSvcCleanup"	"有効"	"データ共有サービスのメンテナンスを実行します。"	"NT AUTHORITY\SYSTEM"	"ﾕｰｻﾞｰがﾛｸﾞｵﾝしているかどうかにかかわらず実行する"	"□"	"□"	"Windows 10"	"ﾀｽｸの開始:(未定義)"	""	""	""	""	""	""	""	""	""	""	""	""	""	"操作:ﾌﾟﾛｸﾞﾗﾑの開始 設定:ﾌﾟﾛｸﾞﾗﾑ/ｽｸﾘﾌﾟﾄ:%windir%\system32\dstokenclean.exe"	"□"	""	""	""	""	"レ"	"レ"	"□"	"□"	""	"レ"	"レ"	"□"	""	""	"レ"	"3日間"	"レ"	"□"	""	"新しいｲﾝｽﾀﾝｽを開始しない"
"\Microsoft\Windows\AppxDeploymentClient\Pre-staged app cleanup"	"有効"	""	"NT AUTHORITY\SYSTEM"	"ﾕｰｻﾞｰがﾛｸﾞｵﾝしているかどうかにかかわらず実行する"	"□"	"レ"	"Windows 10"	"ﾀｽｸの開始:ﾛｸﾞｵﾝ時 設定:任意のﾕｰｻﾞｰ"	"レ"	"1時間"	"□"	""	""	""	"□"	""	"□"	""	"□"	""	"レ"	"操作:ﾌﾟﾛｸﾞﾗﾑの開始 設定:ﾌﾟﾛｸﾞﾗﾑ/ｽｸﾘﾌﾟﾄ:%windir%\system32\rundll32.exe 引数の追加:%windir%\system32\AppxDeploymentClient.dll,AppxPreStageCleanupRunTask"	"レ"	"15分間"	"1時間"	"□"	""	"レ"	"レ"	"□"	"□"	""	"レ"	"□"	"□"	""	""	"□"	""	"□"	"□"	""	"新しいｲﾝｽﾀﾝｽを開始しない"
"\Microsoft\Windows\Autochk\Proxy"	"有効"	"このタスクは、Microsoft カスタマー エクスペリエンス向上プログラムに参加している場合、autochk SQM データを収集してアップロードします。"	"NT AUTHORITY\SYSTEM"	"ﾕｰｻﾞｰがﾛｸﾞｵﾝしているかどうかにかかわらず実行する"	"□"	"□"	"Windows 10"	"ﾀｽｸの開始:ｽﾀｰﾄｱｯﾌﾟ時 設定:(なし)"	"レ"	"30分間"	"□"	""	""	""	"□"	""	"□"	""	"□"	""	"レ"	"操作:ﾌﾟﾛｸﾞﾗﾑの開始 設定:ﾌﾟﾛｸﾞﾗﾑ/ｽｸﾘﾌﾟﾄ:%windir%\system32\rundll32.exe 引数の追加:/d acproxy.dll,PerformAutochkOperations"	"レ"	"10分間"	"365日間"	"□"	""	"□"	""	"□"	"□"	""	"レ"	"レ"	"□"	""	""	"レ"	"3日間"	"レ"	"□"	""	"新しいｲﾝｽﾀﾝｽを開始しない"
"\Microsoft\Windows\BitLocker\BitLocker MDM policy Refresh"	"有効"	""	"NT AUTHORITY\INTERACTIVE"	"ﾕｰｻﾞｰがﾛｸﾞｵﾝしているときのみ実行する"	"□"	"□"	"Windows 10"	"ﾀｽｸの開始:ｶｽﾀﾑ ﾄﾘｶﾞｰ 設定:StateName:7540BCA32B188341"	"□"	""	"□"	""	""	""	"□"	""	"□"	""	"□"	""	"レ"	"操作:ｶｽﾀﾑ ﾊﾝﾄﾞﾗｰ 設定:ClassId:{61BCD1B9-340C-40EC-9D41-D7F1C0632F05} Data:BitLockerPolicy"	"□"	""	""	""	""	"□"	""	"□"	"□"	""	"レ"	"□"	"□"	""	""	"レ"	"3日間"	"レ"	"□"	""	"新しいｲﾝｽﾀﾝｽを開始しない"
"\Microsoft\Windows\Bluetooth\UninstallDeviceTask"	"有効"	"指定された Bluetooth サービス ID に関連する PnP デバイスをアンインストールします"	"NT AUTHORITY\SYSTEM"	"ﾕｰｻﾞｰがﾛｸﾞｵﾝしているかどうかにかかわらず実行する"	"□"	"□"	"Windows 10"	"ﾀｽｸの開始:(未定義)"	""	""	""	""	""	""	""	""	""	""	""	""	""	"操作:ﾌﾟﾛｸﾞﾗﾑの開始 設定:ﾌﾟﾛｸﾞﾗﾑ/ｽｸﾘﾌﾟﾄ:BthUdTask.exe 引数の追加:$(Arg0)"	"□"	""	""	""	""	"□"	""	"□"	"□"	""	"レ"	"□"	"□"	""	""	"レ"	"3日間"	"レ"	"□"	""	"新しいｲﾝｽﾀﾝｽを並列で実行"
"\Microsoft\Windows\BrokerInfrastructure\BgTaskRegistrationMaintenanceTask"	"有効"	"ユニバーサル Windows プラットフォーム アプリケーションのバックグラウンド タスクの登録を維持します。"	"NT AUTHORITY\SYSTEM"	"ﾕｰｻﾞｰがﾛｸﾞｵﾝしているかどうかにかかわらず実行する"	"レ"	"□"	"Windows 10"	"ﾀｽｸの開始:(未定義)"	""	""	""	""	""	""	""	""	""	""	""	""	""	"操作:ｶｽﾀﾑ ﾊﾝﾄﾞﾗｰ 設定:ClassId:{E984D939-0E00-4DD9-AC3A-7ACA04745521}"	"レ"	"1秒間"	"1時間"	"レ"	"□"	"レ"	"レ"	"□"	"□"	""	"レ"	"□"	"□"	""	""	"レ"	"5分間"	"□"	"□"	""	"新しいｲﾝｽﾀﾝｽを開始しない"
"\Microsoft\Windows\CertificateServicesClient\AikCertEnrollTask"	"有効"	"このタスクは、証明書を認証 ID キーに登録します。"	"NT AUTHORITY\SYSTEM"	"ﾕｰｻﾞｰがﾛｸﾞｵﾝしているかどうかにかかわらず実行する"	"□"	"□"	"Windows 10"	"ﾀｽｸの開始:ｶｽﾀﾑ ﾄﾘｶﾞｰ 設定:StateName:7510BCA323098541"	"□"	""	"□"	""	""	""	"□"	""	"□"	""	"□"	""	"レ"	"操作:ｶｽﾀﾑ ﾊﾝﾄﾞﾗｰ 設定:ClassId:{47E30D54-DAC1-473A-AFF7-2355BF78881F} Data:AIKCertEnroll"	"□"	""	""	""	""	"□"	""	"□"	"□"	""	"レ"	"レ"	"□"	""	""	"レ"	"3日間"	"レ"	"□"	""	"新しいｲﾝｽﾀﾝｽをｷｭｰに追加"
"\Microsoft\Windows\CertificateServicesClient\CryptoPolicyTask"	"有効"	"このタスクは、暗号化ポリシーを同期します。"	"NT AUTHORITY\SYSTEM"	"ﾕｰｻﾞｰがﾛｸﾞｵﾝしているかどうかにかかわらず実行する"	"□"	"□"	"Windows 10"	"ﾀｽｸの開始:ｶｽﾀﾑ ﾄﾘｶﾞｰ 設定:StateName:7530BCA323098541"	"□"	""	"□"	""	""	""	"□"	""	"□"	""	"□"	""	"レ"	"操作:ｶｽﾀﾑ ﾊﾝﾄﾞﾗｰ 設定:ClassId:{47E30D54-DAC1-473A-AFF7-2355BF78881F} Data:CryptoPolicy"	"□"	""	""	""	""	"□"	""	"□"	"□"	""	"レ"	"□"	"□"	""	""	"レ"	"3日間"	"レ"	"□"	""	"新しいｲﾝｽﾀﾝｽをｷｭｰに追加"
"\Microsoft\Windows\CertificateServicesClient\KeyPreGenTask"	"有効"	"このタスクは、TPM ベースの認証 ID キー (AIK) およびストレージ キー (SK) を事前生成します。"	"NT AUTHORITY\SYSTEM"	"ﾕｰｻﾞｰがﾛｸﾞｵﾝしているかどうかにかかわらず実行する"	"□"	"□"	"Windows 10"	"ﾀｽｸの開始:ｶｽﾀﾑ ﾄﾘｶﾞｰ 設定:StateName:7508BCA323098541"	"□"	""	"□"	""	""	""	"□"	""	"□"	""	"□"	""	"レ"	"操作:ｶｽﾀﾑ ﾊﾝﾄﾞﾗｰ 設定:ClassId:{47E30D54-DAC1-473A-AFF7-2355BF78881F} Data:NGCKeyPregen"	"□"	""	""	""	""	"□"	""	"□"	"□"	""	"レ"	"□"	"□"	""	""	"レ"	"3日間"	"レ"	"□"	""	"新しいｲﾝｽﾀﾝｽをｷｭｰに追加"
""	""	""	""	""	""	""	""	"ﾀｽｸの開始:ｶｽﾀﾑ ﾄﾘｶﾞｰ 設定:StateName:7520BCA323098541"	"レ"	"10分間"	"□"	""	""	""	"□"	""	"□"	""	"□"	""	"レ"	""	""	""	""	""	""	""	""	""	""	""	""	""	""	""	""	""	""	""	""	""	""
""	""	""	""	""	""	""	""	"ﾀｽｸの開始:ｶｽﾀﾑ ﾄﾘｶﾞｰ 設定:StateName:75C0BCA33E06830D"	"□"	""	"□"	""	""	""	"□"	""	"□"	""	"□"	""	"レ"	""	""	""	""	""	""	""	""	""	""	""	""	""	""	""	""	""	""	""	""	""	""
""	""	""	""	""	""	""	""	"ﾀｽｸの開始:ﾛｸﾞｵﾝ時 設定:任意のﾕｰｻﾞｰ"	"□"	""	"□"	""	""	""	"□"	""	"□"	""	"□"	""	"□"	""	""	""	""	""	""	""	""	""	""	""	""	""	""	""	""	""	""	""	""	""	""
""	""	""	""	""	""	""	""	"ﾀｽｸの開始:ﾕｰｻﾞｰ ｾｯｼｮﾝへの接続時 設定:任意のﾕｰｻﾞｰ ～からの接続:ﾛｰｶﾙ ｺﾝﾋﾟｭｰﾀ"	"□"	""	"□"	""	""	""	"□"	""	"□"	""	"□"	""	"□"	""	""	""	""	""	""	""	""	""	""	""	""	""	""	""	""	""	""	""	""	""	""
"\Microsoft\Windows\CertificateServicesClient\SystemTask"	"有効"	"証明書サービス クライアントは、ユーザーおよびマシンの証明書、キー、資格情報などのデジタル識別情報を自動的に管理して、登録、移動、その他のサービスを可能にします。"	"NT AUTHORITY\SYSTEM"	"ﾕｰｻﾞｰがﾛｸﾞｵﾝしているかどうかにかかわらず実行する"	"□"	"□"	"Windows 10"	"ﾀｽｸの開始:ｶｽﾀﾑ ﾄﾘｶﾞｰ 設定:StateName:7508BCA32A1E890D"	"□"	""	"□"	""	""	""	"□"	""	"□"	""	"□"	""	"レ"	"操作:ｶｽﾀﾑ ﾊﾝﾄﾞﾗｰ 設定:ClassId:{58FB76B9-AC85-4E55-AC04-427593B1D060} Data:SYSTEM"	"□"	""	""	""	""	"□"	""	"□"	"レ"	"任意の接続"	"レ"	"レ"	"レ"	"1分間"	"5"	"□"	""	"レ"	"□"	""	"新しいｲﾝｽﾀﾝｽを並列で実行"
""	""	""	""	""	""	""	""	"ﾀｽｸの開始:ﾀｽｸの作成/変更時 設定:(なし)"	"□"	""	"□"	""	""	""	"□"	""	"□"	""	"□"	""	"レ"	""	""	""	""	""	""	""	""	""	""	""	""	""	""	""	""	""	""	""	""	""	""
""	""	""	""	""	""	""	""	"ﾀｽｸの開始:ｽﾀｰﾄｱｯﾌﾟ時 設定:(なし)"	"レ"	"10秒間"	"レ"	"8時間"	"無期限"	"□"	"□"	""	"□"	""	"□"	""	"レ"	""	""	""	""	""	""	""	""	""	""	""	""	""	""	""	""	""	""	""	""	""	""
"\Microsoft\Windows\CertificateServicesClient\UserTask"	"有効"	"証明書サービス クライアントは、ユーザーおよびマシンの証明書、キー、資格情報などのデジタル識別情報を自動的に管理して、登録、移動、その他のサービスを可能にします。"	"NT AUTHORITY\INTERACTIVE"	"ﾕｰｻﾞｰがﾛｸﾞｵﾝしているときのみ実行する"	"□"	"□"	"Windows 10"	"ﾀｽｸの開始:ｶｽﾀﾑ ﾄﾘｶﾞｰ 設定:StateName:F510BCA32A1E890D"	"□"	""	"□"	""	""	""	"□"	""	"□"	""	"□"	""	"レ"	"操作:ｶｽﾀﾑ ﾊﾝﾄﾞﾗｰ 設定:ClassId:{58FB76B9-AC85-4E55-AC04-427593B1D060} Data:USER"	"□"	""	""	""	""	"□"	""	"□"	"レ"	"任意の接続"	"レ"	"レ"	"レ"	"1分間"	"5"	"□"	""	"レ"	"□"	""	"新しいｲﾝｽﾀﾝｽを並列で実行"
""	""	""	""	""	""	""	""	"ﾀｽｸの開始:ﾀｽｸの作成/変更時 設定:(なし)"	"□"	""	"□"	""	""	""	"□"	""	"□"	""	"□"	""	"レ"	""	""	""	""	""	""	""	""	""	""	""	""	""	""	""	""	""	""	""	""	""	""
""	""	""	""	""	""	""	""	"ﾀｽｸの開始:ﾛｸﾞｵﾝ時 設定:任意のﾕｰｻﾞｰ"	"□"	""	"レ"	"8時間"	"無期限"	"□"	"□"	""	"□"	""	"□"	""	"レ"	""	""	""	""	""	""	""	""	""	""	""	""	""	""	""	""	""	""	""	""	""	""
""	""	""	""	""	""	""	""	"ﾀｽｸの開始:ｲﾍﾞﾝﾄ時 設定:ｲﾍﾞﾝﾄﾌｨﾙﾀｰ:<QueryList><Query Id=""0"" Path=""Microsoft-Windows-User Device Registration/Admin""><Select Path=""Microsoft-Windows-User Device Registration/Admin"">*[System[Provider[@Name='Microsoft-Windows-User Device Registration'] and EventID=300]]</Select></Query></QueryList>"	"レ"	"25分間"	"レ"	"1時間"	"4時間"	"□"	"レ"	"30分間"	"□"	""	"□"	""	"レ"	""	""	""	""	""	""	""	""	""	""	""	""	""	""	""	""	""	""	""	""	""	""
"\Microsoft\Windows\CertificateServicesClient\UserTask-Roam"	"有効"	"証明書サービス クライアントは、ユーザーおよびマシンの証明書、キー、資格情報などのデジタル識別情報を自動的に管理して、登録、移動、その他のサービスを可能にします。"	"NT AUTHORITY\INTERACTIVE"	"ﾕｰｻﾞｰがﾛｸﾞｵﾝしているときのみ実行する"	"□"	"□"	"Windows 10"	"ﾀｽｸの開始:ﾜｰｸｽﾃｰｼｮﾝ ﾛｯｸ時 設定:任意のﾕｰｻﾞｰ"	"□"	""	"□"	""	""	""	"□"	""	"□"	""	"□"	""	"レ"	"操作:ｶｽﾀﾑ ﾊﾝﾄﾞﾗｰ 設定:ClassId:{58FB76B9-AC85-4E55-AC04-427593B1D060} Data:KEYROAMING"	"□"	""	""	""	""	"レ"	"レ"	"□"	"レ"	"任意の接続"	"レ"	"□"	"レ"	"1分間"	"5"	"□"	""	"レ"	"□"	""	"新しいｲﾝｽﾀﾝｽを並列で実行"
""	""	""	""	""	""	""	""	"ﾀｽｸの開始:ﾜｰｸｽﾃｰｼｮﾝ ｱﾝﾛｯｸ時 設定:任意のﾕｰｻﾞｰ"	"□"	""	"□"	""	""	""	"□"	""	"□"	""	"□"	""	"レ"	""	""	""	""	""	""	""	""	""	""	""	""	""	""	""	""	""	""	""	""	""	""
"\Microsoft\Windows\Chkdsk\ProactiveScan"	"有効"	"NTFS ボリューム状態スキャン"	"NT AUTHORITY\SYSTEM"	"ﾕｰｻﾞｰがﾛｸﾞｵﾝしているかどうかにかかわらず実行する"	"□"	"□"	"Windows 10"	"ﾀｽｸの開始:(未定義)"	""	""	""	""	""	""	""	""	""	""	""	""	""	"操作:ｶｽﾀﾑ ﾊﾝﾄﾞﾗｰ 設定:ClassId:{CF4270F5-2E43-4468-83B3-A8C45BB33EA1}"	"□"	""	""	""	""	"レ"	"レ"	"□"	"□"	""	"レ"	"レ"	"□"	""	""	"レ"	"3日間"	"レ"	"□"	""	"新しいｲﾝｽﾀﾝｽを開始しない"
"\Microsoft\Windows\Clip\License Validation"	"無効"	"Windows Store legacy license migration task"	"NT AUTHORITY\SYSTEM"	"ﾕｰｻﾞｰがﾛｸﾞｵﾝしているかどうかにかかわらず実行する"	"□"	"レ"	"Windows 10"	"ﾀｽｸの開始:ｽﾀｰﾄｱｯﾌﾟ時 設定:(なし)"	"□"	""	"□"	""	""	""	"□"	""	"□"	""	"□"	""	"□"	"操作:ﾌﾟﾛｸﾞﾗﾑの開始 設定:ﾌﾟﾛｸﾞﾗﾑ/ｽｸﾘﾌﾟﾄ:%SystemRoot%\system32\ClipUp.exe 引数の追加:-p -s -o"	"□"	""	""	""	""	"□"	""	"□"	"□"	""	"レ"	"レ"	"□"	""	""	"□"	""	"□"	"□"	""	"新しいｲﾝｽﾀﾝｽを開始しない"
"\Microsoft\Windows\CloudExperienceHost\CreateObjectTask"	"有効"	""	"NT AUTHORITY\SYSTEM"	"ﾕｰｻﾞｰがﾛｸﾞｵﾝしているかどうかにかかわらず実行する"	"□"	"レ"	"Windows 10"	"ﾀｽｸの開始:(未定義)"	""	""	""	""	""	""	""	""	""	""	""	""	""	"操作:ｶｽﾀﾑ ﾊﾝﾄﾞﾗｰ 設定:ClassId:{E4544ABA-62BF-4C54-AAB2-EC246342626C}"	"□"	""	""	""	""	"□"	""	"□"	"□"	""	"レ"	"□"	"□"	""	""	"レ"	"1時間"	"レ"	"□"	""	"新しいｲﾝｽﾀﾝｽを開始しない"
"\Microsoft\Windows\Customer Experience Improvement Program\Consolidator"	"有効"	"Windows カスタマー エクスペリエンス向上プログラムに参加する場合は、使用データが Microsoft へ送信されます。"	"NT AUTHORITY\SYSTEM"	"ﾕｰｻﾞｰがﾛｸﾞｵﾝしているかどうかにかかわらず実行する"	"□"	"□"	"Windows 10"	"ﾀｽｸの開始:ｽｹｼﾞｭｰﾙに従う 設定:1回"	"□"	""	"レ"	"6時間"	"無期限"	"□"	"□"	""	"レ"	"2004-01-02 00:00:00"	"□"	""	"レ"	"操作:ﾌﾟﾛｸﾞﾗﾑの開始 設定:ﾌﾟﾛｸﾞﾗﾑ/ｽｸﾘﾌﾟﾄ:%SystemRoot%\System32\wsqmcons.exe"	"□"	""	""	""	""	"□"	""	"□"	"□"	""	"レ"	"レ"	"□"	""	""	"レ"	"3日間"	"レ"	"□"	""	"新しいｲﾝｽﾀﾝｽを開始しない"
"\Microsoft\Windows\Customer Experience Improvement Program\KernelCeipTask"	"有効"	"カーネル CEIP (カスタマー エクスペリエンス向上プログラム) タスクは、システムの追加情報を収集し、そのデータを Microsoft に送信します。ユーザーが Windows CEIP への参加に合意していない場合は、タスクは何も実行されません。"	"NT AUTHORITY\LOCAL SERVICE"	"ﾕｰｻﾞｰがﾛｸﾞｵﾝしているかどうかにかかわらず実行する"	"□"	"レ"	"Windows 10"	"ﾀｽｸの開始:(未定義)"	""	""	""	""	""	""	""	""	""	""	""	""	""	"操作:ｶｽﾀﾑ ﾊﾝﾄﾞﾗｰ 設定:ClassId:{E7ED314F-2816-4C26-AEB5-54A34D02404C}"	"□"	""	""	""	""	"レ"	"□"	"□"	"□"	""	"レ"	"レ"	"レ"	"45分間"	"1"	"レ"	"3日間"	"レ"	"□"	""	"新しいｲﾝｽﾀﾝｽを開始しない"
"\Microsoft\Windows\Customer Experience Improvement Program\UsbCeip"	"有効"	"USB CEIP (カスタマー エクスペリエンス向上プログラム) タスクは、ご使用のコンピューターのユニバーサル シリアル バス関連の統計情報を収集し、Microsoft の Windows Device Connectivity エンジニアリング グループに送信します。送信された情報は、Windows における USB の信頼性、安定性、および全体的な機能向上のために使用されます。ユーザーが Windows CEIP への参加に同意していない場合、このタスクは何も行いません。"	"NT AUTHORITY\SYSTEM"	"ﾕｰｻﾞｰがﾛｸﾞｵﾝしているかどうかにかかわらず実行する"	"□"	"レ"	"Windows 10"	"ﾀｽｸの開始:(未定義)"	""	""	""	""	""	""	""	""	""	""	""	""	""	"操作:ｶｽﾀﾑ ﾊﾝﾄﾞﾗｰ 設定:ClassId:{C27F6B1D-FE0B-45E4-9257-38799FA69BC8} Data:SYSTEM"	"□"	""	""	""	""	"レ"	"レ"	"□"	"□"	""	"レ"	"レ"	"□"	""	""	"レ"	"3日間"	"レ"	"□"	""	"新しいｲﾝｽﾀﾝｽを開始しない"
"\Microsoft\Windows\Data Integrity Scan\Data Integrity Scan"	"有効"	"フォールト トレラント ボリュームの潜在的な破損をスキャンします"	"NT AUTHORITY\SYSTEM"	"ﾕｰｻﾞｰがﾛｸﾞｵﾝしているかどうかにかかわらず実行する"	"レ"	"□"	"Windows 10"	"ﾀｽｸの開始:ｽｹｼﾞｭｰﾙに従う 設定:毎週 間隔(週):4 曜日:土"	"レ"	"7日間"	"□"	""	""	""	"□"	""	"レ"	"2011-01-01 23:00:00"	"□"	""	"□"	"操作:ｶｽﾀﾑ ﾊﾝﾄﾞﾗｰ 設定:ClassId:{DCFD3EA8-D960-4719-8206-490AE315F94F}"	"□"	""	""	""	""	"レ"	"レ"	"□"	"□"	""	"レ"	"レ"	"□"	""	""	"□"	""	"レ"	"□"	""	"新しいｲﾝｽﾀﾝｽを開始しない"
""	""	""	""	""	""	""	""	"ﾀｽｸの開始:ｽﾀｰﾄｱｯﾌﾟ時 設定:(なし)"	"レ"	"1時間"	"□"	""	""	""	"□"	""	"□"	""	"□"	""	"□"	""	""	""	""	""	""	""	""	""	""	""	""	""	""	""	""	""	""	""	""	""	""
"\Microsoft\Windows\Data Integrity Scan\Data Integrity Scan for Crash Recovery"	"有効"	"フォールト トレラント ボリュームの高速クラッシュ回復機能をスキャンします"	"NT AUTHORITY\SYSTEM"	"ﾕｰｻﾞｰがﾛｸﾞｵﾝしているかどうかにかかわらず実行する"	"レ"	"レ"	"Windows 10"	"ﾀｽｸの開始:ｶｽﾀﾑ ﾄﾘｶﾞｰ 設定:StateName:7508BCA32907950A"	"レ"	"5分間"	"□"	""	""	""	"□"	""	"□"	""	"□"	""	"レ"	"操作:ｶｽﾀﾑ ﾊﾝﾄﾞﾗｰ 設定:ClassId:{DCFD3EA8-D960-4719-8206-490AE315F94F} Data:-CrashRecovery"	"□"	""	""	""	""	"レ"	"レ"	"□"	"□"	""	"レ"	"レ"	"□"	""	""	"□"	""	"レ"	"□"	""	"新しいｲﾝｽﾀﾝｽを開始しない"
"\Microsoft\Windows\Defrag\ScheduledDefrag"	"有効"	"このタスクにより、ローカル記憶域ドライブが最適化されます。"	"NT AUTHORITY\SYSTEM"	"ﾕｰｻﾞｰがﾛｸﾞｵﾝしているかどうかにかかわらず実行する"	"レ"	"□"	"Windows 10"	"ﾀｽｸの開始:(未定義)"	""	""	""	""	""	""	""	""	""	""	""	""	""	"操作:ﾌﾟﾛｸﾞﾗﾑの開始 設定:ﾌﾟﾛｸﾞﾗﾑ/ｽｸﾘﾌﾟﾄ:%windir%\system32\defrag.exe 引数の追加:-c -h -o -$"	"□"	""	""	""	""	"レ"	"レ"	"□"	"□"	""	"レ"	"レ"	"□"	""	""	"レ"	"3日間"	"レ"	"□"	""	"新しいｲﾝｽﾀﾝｽを開始しない"
"\Microsoft\Windows\Device Information\Device"	"有効"	""	"NT AUTHORITY\SYSTEM"	"ﾕｰｻﾞｰがﾛｸﾞｵﾝしているかどうかにかかわらず実行する"	"□"	"□"	"Windows 10"	"ﾀｽｸの開始:ｽｹｼﾞｭｰﾙに従う 設定:1回"	"レ"	"2時間"	"レ"	"1日間"	"無期限"	"□"	"□"	""	"レ"	"2008-09-01 03:00:00"	"□"	""	"レ"	"操作:ﾌﾟﾛｸﾞﾗﾑの開始 設定:ﾌﾟﾛｸﾞﾗﾑ/ｽｸﾘﾌﾟﾄ:%windir%\system32\devicecensus.exe"	"□"	""	""	""	""	"□"	""	"□"	"□"	""	"レ"	"レ"	"□"	""	""	"レ"	"4日間"	"レ"	"□"	""	"新しいｲﾝｽﾀﾝｽを開始しない"
""	""	""	""	""	""	""	""	"ﾀｽｸの開始:ｶｽﾀﾑ ﾄﾘｶﾞｰ 設定:StateName:750CBCA3290B9641"	"□"	""	"□"	""	""	""	"□"	""	"□"	""	"□"	""	"□"	""	""	""	""	""	""	""	""	""	""	""	""	""	""	""	""	""	""	""	""	""	""
"\Microsoft\Windows\Device Setup\Metadata Refresh"	"有効"	"デバイス メタデータの更新を定期的に実行します"	"NT AUTHORITY\INTERACTIVE"	"ﾕｰｻﾞｰがﾛｸﾞｵﾝしているときのみ実行する"	"□"	"レ"	"Windows 10"	"ﾀｽｸの開始:(未定義)"	""	""	""	""	""	""	""	""	""	""	""	""	""	"操作:ｶｽﾀﾑ ﾊﾝﾄﾞﾗｰ 設定:ClassId:{23C1F3CF-C110-4512-ACA9-7B6174ECE888}"	"□"	""	""	""	""	"レ"	"レ"	"□"	"レ"	"任意の接続"	"レ"	"レ"	"□"	""	""	"レ"	"3日間"	"レ"	"□"	""	"新しいｲﾝｽﾀﾝｽを並列で実行"
"\Microsoft\Windows\DeviceDirectoryClient\HandleCommand"	"有効"	""	"NT AUTHORITY\SYSTEM"	"ﾕｰｻﾞｰがﾛｸﾞｵﾝしているかどうかにかかわらず実行する"	"□"	"レ"	"Windows 10"	"ﾀｽｸの開始:ｶｽﾀﾑ ﾄﾘｶﾞｰ 設定:StateName:7520BDA33E06830D"	"□"	""	"□"	""	""	""	"□"	""	"□"	""	"□"	""	"レ"	"操作:ｶｽﾀﾑ ﾊﾝﾄﾞﾗｰ 設定:ClassId:{AE31B729-D5FD-401E-AF42-784074835AFE} Data:-HandleCommand"	"□"	""	""	""	""	"□"	""	"□"	"□"	""	"レ"	"レ"	"□"	""	""	"□"	""	"□"	"□"	""	"新しいｲﾝｽﾀﾝｽを並列で実行"
"\Microsoft\Windows\DeviceDirectoryClient\HandleWnsCommand"	"有効"	""	"NT AUTHORITY\SYSTEM"	"ﾕｰｻﾞｰがﾛｸﾞｵﾝしているかどうかにかかわらず実行する"	"□"	"レ"	"Windows 10"	"ﾀｽｸの開始:ｶｽﾀﾑ ﾄﾘｶﾞｰ 設定:StateName:7528BDA33E06830D"	"□"	""	"□"	""	""	""	"□"	""	"□"	""	"□"	""	"レ"	"操作:ｶｽﾀﾑ ﾊﾝﾄﾞﾗｰ 設定:ClassId:{AE31B729-D5FD-401E-AF42-784074835AFE} Data:-WnsCommand"	"□"	""	""	""	""	"□"	""	"□"	"□"	""	"レ"	"レ"	"□"	""	""	"□"	""	"□"	"□"	""	"新しいｲﾝｽﾀﾝｽを並列で実行"
"\Microsoft\Windows\DeviceDirectoryClient\IntegrityCheck"	"有効"	""	"NT AUTHORITY\SYSTEM"	"ﾕｰｻﾞｰがﾛｸﾞｵﾝしているかどうかにかかわらず実行する"	"□"	"レ"	"Windows 10"	"ﾀｽｸの開始:ｽｹｼﾞｭｰﾙに従う 設定:1回"	"レ"	"2日間"	"レ"	"6日間"	"無期限"	"□"	"□"	""	"レ"	"2015-01-01 12:00:00"	"□"	""	"レ"	"操作:ｶｽﾀﾑ ﾊﾝﾄﾞﾗｰ 設定:ClassId:{AE31B729-D5FD-401E-AF42-784074835AFE} Data:-IntegrityCheck"	"レ"	"1分間"	"8日間"	"□"	""	"□"	""	"□"	"□"	""	"レ"	"レ"	"レ"	"12時間"	"10"	"□"	""	"□"	"□"	""	"新しいｲﾝｽﾀﾝｽを並列で実行"
"\Microsoft\Windows\DeviceDirectoryClient\LocateCommandUserSession"	"有効"	""	"NT AUTHORITY\INTERACTIVE"	"ﾕｰｻﾞｰがﾛｸﾞｵﾝしているときのみ実行する"	"□"	"レ"	"Windows 10"	"ﾀｽｸの開始:ｶｽﾀﾑ ﾄﾘｶﾞｰ 設定:StateName:7520BDA33E06830D"	"□"	""	"□"	""	""	""	"□"	""	"□"	""	"□"	""	"レ"	"操作:ｶｽﾀﾑ ﾊﾝﾄﾞﾗｰ 設定:ClassId:{AE31B729-D5FD-401E-AF42-784074835AFE} Data:-UserSessionCommand"	"□"	""	""	""	""	"□"	""	"□"	"□"	""	"レ"	"レ"	"□"	""	""	"□"	""	"□"	"□"	""	"新しいｲﾝｽﾀﾝｽを並列で実行"
"\Microsoft\Windows\DeviceDirectoryClient\RegisterDeviceAccountChange"	"有効"	""	"NT AUTHORITY\SYSTEM"	"ﾕｰｻﾞｰがﾛｸﾞｵﾝしているかどうかにかかわらず実行する"	"□"	"レ"	"Windows 10"	"ﾀｽｸの開始:ｶｽﾀﾑ ﾄﾘｶﾞｰ 設定:StateName:7540BCA33E0B8441"	"□"	""	"□"	""	""	""	"□"	""	"□"	""	"□"	""	"レ"	"操作:ｶｽﾀﾑ ﾊﾝﾄﾞﾗｰ 設定:ClassId:{AE31B729-D5FD-401E-AF42-784074835AFE} Data:-RegisterDevice -AccountChange"	"□"	""	""	""	""	"□"	""	"□"	"レ"	"任意の接続"	"レ"	"レ"	"レ"	"12時間"	"10"	"□"	""	"□"	"□"	""	"新しいｲﾝｽﾀﾝｽを並列で実行"
""	""	""	""	""	""	""	""	"ﾀｽｸの開始:ｶｽﾀﾑ ﾄﾘｶﾞｰ 設定:StateName:7560BDA33E06830D"	"□"	""	"□"	""	""	""	"□"	""	"□"	""	"□"	""	"レ"	""	""	""	""	""	""	""	""	""	""	""	""	""	""	""	""	""	""	""	""	""	""
"\Microsoft\Windows\DeviceDirectoryClient\RegisterDeviceLocationRightsChange"	"無効"	""	"NT AUTHORITY\SYSTEM"	"ﾕｰｻﾞｰがﾛｸﾞｵﾝしているかどうかにかかわらず実行する"	"□"	"レ"	"Windows 10"	"ﾀｽｸの開始:ｶｽﾀﾑ ﾄﾘｶﾞｰ 設定:StateName:7538BCA321089541"	"レ"	"10分間"	"□"	""	""	""	"□"	""	"□"	""	"□"	""	"レ"	"操作:ｶｽﾀﾑ ﾊﾝﾄﾞﾗｰ 設定:ClassId:{AE31B729-D5FD-401E-AF42-784074835AFE} Data:-RegisterDevice -SettingChange -NoLocation"	"□"	""	""	""	""	"□"	""	"□"	"レ"	"任意の接続"	"レ"	"レ"	"レ"	"12時間"	"1"	"□"	""	"□"	"□"	""	"新しいｲﾝｽﾀﾝｽを並列で実行"
"\Microsoft\Windows\DeviceDirectoryClient\RegisterDevicePeriodic24"	"無効"	""	"NT AUTHORITY\SYSTEM"	"ﾕｰｻﾞｰがﾛｸﾞｵﾝしているかどうかにかかわらず実行する"	"□"	"レ"	"Windows 10"	"ﾀｽｸの開始:ｽｹｼﾞｭｰﾙに従う 設定:1回"	"レ"	"16時間"	"レ"	"16時間"	"無期限"	"□"	"□"	""	"レ"	"2015-01-01 06:00:00"	"□"	""	"レ"	"操作:ｶｽﾀﾑ ﾊﾝﾄﾞﾗｰ 設定:ClassId:{AE31B729-D5FD-401E-AF42-784074835AFE} Data:-RegisterDevice -Periodic"	"レ"	"1分間"	"-E Time=P1DT8H"	"□"	""	"□"	""	"□"	"レ"	"任意の接続"	"レ"	"レ"	"レ"	"12時間"	"1"	"□"	""	"□"	"□"	""	"新しいｲﾝｽﾀﾝｽを並列で実行"
"\Microsoft\Windows\DeviceDirectoryClient\RegisterDevicePolicyChange"	"有効"	""	"NT AUTHORITY\SYSTEM"	"ﾕｰｻﾞｰがﾛｸﾞｵﾝしているかどうかにかかわらず実行する"	"□"	"レ"	"Windows 10"	"ﾀｽｸの開始:ｶｽﾀﾑ ﾄﾘｶﾞｰ 設定:StateName:7548BCA321078541"	"□"	""	"□"	""	""	""	"□"	""	"□"	""	"□"	""	"レ"	"操作:ｶｽﾀﾑ ﾊﾝﾄﾞﾗｰ 設定:ClassId:{AE31B729-D5FD-401E-AF42-784074835AFE} Data:-RegisterDevice -SettingChange -NoLocation"	"□"	""	""	""	""	"□"	""	"□"	"レ"	"任意の接続"	"レ"	"レ"	"レ"	"12時間"	"10"	"□"	""	"□"	"□"	""	"新しいｲﾝｽﾀﾝｽを並列で実行"
""	""	""	""	""	""	""	""	"ﾀｽｸの開始:ｶｽﾀﾑ ﾄﾘｶﾞｰ 設定:StateName:7508BCA32A1E890D"	"□"	""	"□"	""	""	""	"□"	""	"□"	""	"□"	""	"レ"	""	""	""	""	""	""	""	""	""	""	""	""	""	""	""	""	""	""	""	""	""	""
"\Microsoft\Windows\DeviceDirectoryClient\RegisterDeviceProtectionStateChanged"	"有効"	""	"NT AUTHORITY\SYSTEM"	"ﾕｰｻﾞｰがﾛｸﾞｵﾝしているかどうかにかかわらず実行する"	"□"	"レ"	"Windows 10"	"ﾀｽｸの開始:ｶｽﾀﾑ ﾄﾘｶﾞｰ 設定:StateName:7540BEA33E06830D"	"□"	""	"□"	""	""	""	"□"	""	"□"	""	"□"	""	"レ"	"操作:ｶｽﾀﾑ ﾊﾝﾄﾞﾗｰ 設定:ClassId:{AE31B729-D5FD-401E-AF42-784074835AFE} Data:-RegisterDevice -ProtectionStateChanged -FreeNetworkOnly -NoLocation"	"□"	""	""	""	""	"レ"	"レ"	"□"	"レ"	"任意の接続"	"レ"	"レ"	"レ"	"12時間"	"10"	"□"	""	"レ"	"□"	""	"新しいｲﾝｽﾀﾝｽを並列で実行"
"\Microsoft\Windows\DeviceDirectoryClient\RegisterDeviceSettingChange"	"有効"	""	"NT AUTHORITY\SYSTEM"	"ﾕｰｻﾞｰがﾛｸﾞｵﾝしているかどうかにかかわらず実行する"	"□"	"レ"	"Windows 10"	"ﾀｽｸの開始:ｶｽﾀﾑ ﾄﾘｶﾞｰ 設定:StateName:75F8BCA33E06830D"	"□"	""	"□"	""	""	""	"□"	""	"□"	""	"□"	""	"レ"	"操作:ｶｽﾀﾑ ﾊﾝﾄﾞﾗｰ 設定:ClassId:{AE31B729-D5FD-401E-AF42-784074835AFE} Data:-RegisterDevice -SettingChange -Full"	"□"	""	""	""	""	"□"	""	"□"	"レ"	"任意の接続"	"レ"	"レ"	"レ"	"12時間"	"1"	"□"	""	"□"	"□"	""	"新しいｲﾝｽﾀﾝｽを並列で実行"
""	""	""	""	""	""	""	""	"ﾀｽｸの開始:ｶｽﾀﾑ ﾄﾘｶﾞｰ 設定:StateName:7520BCA321078541"	"□"	""	"□"	""	""	""	"□"	""	"□"	""	"□"	""	"レ"	""	""	""	""	""	""	""	""	""	""	""	""	""	""	""	""	""	""	""	""	""	""
"\Microsoft\Windows\DeviceDirectoryClient\RegisterUserDevice"	"有効"	""	"NT AUTHORITY\INTERACTIVE"	"ﾕｰｻﾞｰがﾛｸﾞｵﾝしているときのみ実行する"	"□"	"レ"	"Windows 10"	"ﾀｽｸの開始:ﾛｸﾞｵﾝ時 設定:任意のﾕｰｻﾞｰ"	"レ"	"15分間"	"□"	""	""	""	"□"	""	"□"	""	"□"	""	"レ"	"操作:ｶｽﾀﾑ ﾊﾝﾄﾞﾗｰ 設定:ClassId:{AE31B729-D5FD-401E-AF42-784074835AFE} Data:-RegisterUserDevice -NewAccount"	"□"	""	""	""	""	"□"	""	"□"	"レ"	"任意の接続"	"レ"	"レ"	"レ"	"12時間"	"10"	"□"	""	"□"	"□"	""	"新しいｲﾝｽﾀﾝｽを並列で実行"
""	""	""	""	""	""	""	""	"ﾀｽｸの開始:ｶｽﾀﾑ ﾄﾘｶﾞｰ 設定:StateName:7540BCA33E0B8441"	"□"	""	"□"	""	""	""	"□"	""	"□"	""	"□"	""	"レ"	""	""	""	""	""	""	""	""	""	""	""	""	""	""	""	""	""	""	""	""	""	""
"\Microsoft\Windows\Diagnosis\Scheduled"	"有効"	"Windows のスケジュールされたメンテナンス タスクは、コンピューター システムのメンテナンスを定期的に実行し、問題を自動解決するか、セキュリティとメンテナンスを通じて報告します。"	"NT AUTHORITY\INTERACTIVE"	"ﾕｰｻﾞｰがﾛｸﾞｵﾝしているときのみ実行する"	"レ"	"レ"	"Windows 10"	"ﾀｽｸの開始:(未定義)"	""	""	""	""	""	""	""	""	""	""	""	""	""	"操作:ｶｽﾀﾑ ﾊﾝﾄﾞﾗｰ 設定:ClassId:{C1F85EF8-BCC2-4606-BB39-70C523715EB3}"	"□"	""	""	""	""	"レ"	"レ"	"□"	"□"	""	"レ"	"レ"	"□"	""	""	"レ"	"3日間"	"□"	"□"	""	"新しいｲﾝｽﾀﾝｽを開始しない"
"\Microsoft\Windows\DiskCleanup\SilentCleanup"	"有効"	"システムによって使用されるメンテナンス タスクです。ディスクの空き領域が少なくなった場合に、ダイアログを表示しないで自動的にディスク クリーンアップを起動します。"	"BUILTIN\Users"	"ﾕｰｻﾞｰがﾛｸﾞｵﾝしているときのみ実行する"	"レ"	"□"	"Windows 10"	"ﾀｽｸの開始:(未定義)"	""	""	""	""	""	""	""	""	""	""	""	""	""	"操作:ﾌﾟﾛｸﾞﾗﾑの開始 設定:ﾌﾟﾛｸﾞﾗﾑ/ｽｸﾘﾌﾟﾄ:%windir%\system32\cleanmgr.exe 引数の追加:/autoclean /d %systemdrive%"	"レ"	"10分間"	"1時間"	"レ"	"レ"	"レ"	"レ"	"□"	"□"	""	"レ"	"レ"	"□"	""	""	"レ"	"3日間"	"レ"	"□"	""	"新しいｲﾝｽﾀﾝｽを開始しない"
"\Microsoft\Windows\DiskDiagnostic\Microsoft-Windows-DiskDiagnosticDataCollector"	"有効"	"ユーザーがカスタマー エクスペリエンス プログラムに参加している場合、ディスクとシステムに関する全般的な情報が Windows ディスク診断ツールによって Microsoft に報告されます。"	"NT AUTHORITY\SYSTEM"	"ﾕｰｻﾞｰがﾛｸﾞｵﾝしているかどうかにかかわらず実行する"	"□"	"レ"	"Windows 10"	"ﾀｽｸの開始:(未定義)"	""	""	""	""	""	""	""	""	""	""	""	""	""	"操作:ﾌﾟﾛｸﾞﾗﾑの開始 設定:ﾌﾟﾛｸﾞﾗﾑ/ｽｸﾘﾌﾟﾄ:%windir%\system32\rundll32.exe 引数の追加:dfdts.dll,DfdGetDefaultPolicyAndSMART"	"□"	""	""	""	""	"レ"	"□"	"□"	"□"	""	"レ"	"レ"	"□"	""	""	"レ"	"3日間"	"レ"	"□"	""	"新しいｲﾝｽﾀﾝｽを開始しない"
"\Microsoft\Windows\DiskDiagnostic\Microsoft-Windows-DiskDiagnosticResolver"	"無効"	"Microsoft-Windows-DiskDiagnosticResolver は、S.M.A.R.T. (Self Monitoring and Reporting Technology) 標準をサポートするハード ディスクから障害が報告された場合に、ユーザーに警告します。S.M.A.R.T. 障害が検出されると、診断ポリシー サービスによってこのタスクが自動的に開始されます。"	"BUILTIN\Users"	"ﾕｰｻﾞｰがﾛｸﾞｵﾝしているときのみ実行する"	"レ"	"レ"	"Windows 10"	"ﾀｽｸの開始:ﾛｸﾞｵﾝ時 設定:任意のﾕｰｻﾞｰ"	"□"	""	"□"	""	""	""	"□"	""	"□"	""	"□"	""	"レ"	"操作:ﾌﾟﾛｸﾞﾗﾑの開始 設定:ﾌﾟﾛｸﾞﾗﾑ/ｽｸﾘﾌﾟﾄ:%windir%\system32\DFDWiz.exe"	"□"	""	""	""	""	"□"	""	"□"	"□"	""	"レ"	"□"	"□"	""	""	"レ"	"3日間"	"レ"	"□"	""	"新しいｲﾝｽﾀﾝｽを並列で実行"
"\Microsoft\Windows\DiskFootprint\Diagnostics"	"有効"	""	"NT AUTHORITY\SYSTEM"	"ﾕｰｻﾞｰがﾛｸﾞｵﾝしているかどうかにかかわらず実行する"	"レ"	"□"	"Windows 10"	"ﾀｽｸの開始:(未定義)"	""	""	""	""	""	""	""	""	""	""	""	""	""	"操作:ﾌﾟﾛｸﾞﾗﾑの開始 設定:ﾌﾟﾛｸﾞﾗﾑ/ｽｸﾘﾌﾟﾄ:%windir%\system32\disksnapshot.exe 引数の追加:-z"	"レ"	"10分間"	"1時間"	"レ"	"□"	"レ"	"レ"	"□"	"□"	""	"レ"	"□"	"□"	""	""	"レ"	"1時間"	"レ"	"□"	""	"新しいｲﾝｽﾀﾝｽを開始しない"
"\Microsoft\Windows\DiskFootprint\StorageSense"	"有効"	""	"BUILTIN\Users"	"ﾕｰｻﾞｰがﾛｸﾞｵﾝしているときのみ実行する"	"レ"	"□"	"Windows 10"	"ﾀｽｸの開始:(未定義)"	""	""	""	""	""	""	""	""	""	""	""	""	""	"操作:ｶｽﾀﾑ ﾊﾝﾄﾞﾗｰ 設定:ClassId:{AB2A519B-03B0-43CE-940A-A73DF850B49A}"	"レ"	"10分間"	"1時間"	"レ"	"□"	"レ"	"レ"	"□"	"□"	""	"レ"	"□"	"□"	""	""	"レ"	"1時間"	"レ"	"□"	""	"新しいｲﾝｽﾀﾝｽを開始しない"
"\Microsoft\Windows\DUSM\dusmtask"	"有効"	""	"NT AUTHORITY\INTERACTIVE"	"ﾕｰｻﾞｰがﾛｸﾞｵﾝしているときのみ実行する"	"□"	"□"	"Windows 10"	"ﾀｽｸの開始:ｶｽﾀﾑ ﾄﾘｶﾞｰ 設定:StateName:7508BCA3291B950C"	"□"	""	"□"	""	""	""	"□"	""	"□"	""	"□"	""	"レ"	"操作:ﾌﾟﾛｸﾞﾗﾑの開始 設定:ﾌﾟﾛｸﾞﾗﾑ/ｽｸﾘﾌﾟﾄ:%SystemRoot%\System32\dusmtask.exe"	"□"	""	""	""	""	"□"	""	"□"	"□"	""	"レ"	"□"	"□"	""	""	"レ"	"3日間"	"レ"	"□"	""	"新しいｲﾝｽﾀﾝｽをｷｭｰに追加"
"\Microsoft\Windows\EDP\EDP App Launch Task"	"有効"	""	"NT AUTHORITY\INTERACTIVE"	"ﾕｰｻﾞｰがﾛｸﾞｵﾝしているときのみ実行する"	"□"	"□"	"Windows 10"	"ﾀｽｸの開始:ｶｽﾀﾑ ﾄﾘｶﾞｰ 設定:StateName:3508BCA3280A9641"	"□"	""	"□"	""	""	""	"□"	""	"□"	""	"□"	""	"レ"	"操作:ｶｽﾀﾑ ﾊﾝﾄﾞﾗｰ 設定:ClassId:{61BCD1B9-340C-40EC-9D41-D7F1C0632F05} Data:AppLaunch"	"□"	""	""	""	""	"□"	""	"□"	"□"	""	"レ"	"□"	"□"	""	""	"レ"	"3日間"	"レ"	"□"	""	"新しいｲﾝｽﾀﾝｽを開始しない"
"\Microsoft\Windows\EDP\EDP Auth Task"	"有効"	""	"NT AUTHORITY\INTERACTIVE"	"ﾕｰｻﾞｰがﾛｸﾞｵﾝしているときのみ実行する"	"□"	"□"	"Windows 10"	"ﾀｽｸの開始:ｶｽﾀﾑ ﾄﾘｶﾞｰ 設定:StateName:7538BCA3280A9641"	"□"	""	"□"	""	""	""	"□"	""	"□"	""	"□"	""	"レ"	"操作:ｶｽﾀﾑ ﾊﾝﾄﾞﾗｰ 設定:ClassId:{61BCD1B9-340C-40EC-9D41-D7F1C0632F05} Data:ReAuth"	"□"	""	""	""	""	"□"	""	"□"	"□"	""	"レ"	"□"	"□"	""	""	"レ"	"3日間"	"レ"	"□"	""	"新しいｲﾝｽﾀﾝｽを開始しない"
"\Microsoft\Windows\EDP\EDP Inaccessible Credentials Task"	"有効"	""	"NT AUTHORITY\INTERACTIVE"	"ﾕｰｻﾞｰがﾛｸﾞｵﾝしているときのみ実行する"	"□"	"□"	"Windows 10"	"ﾀｽｸの開始:ｶｽﾀﾑ ﾄﾘｶﾞｰ 設定:StateName:7560BCA3280A9641"	"□"	""	"□"	""	""	""	"□"	""	"□"	""	"□"	""	"レ"	"操作:ｶｽﾀﾑ ﾊﾝﾄﾞﾗｰ 設定:ClassId:{61BCD1B9-340C-40EC-9D41-D7F1C0632F05} Data:MissingCredentials"	"□"	""	""	""	""	"□"	""	"□"	"□"	""	"レ"	"□"	"□"	""	""	"レ"	"3日間"	"レ"	"□"	""	"新しいｲﾝｽﾀﾝｽを開始しない"
"\Microsoft\Windows\EDP\StorageCardEncryption Task"	"有効"	""	"NT AUTHORITY\INTERACTIVE"	"ﾕｰｻﾞｰがﾛｸﾞｵﾝしているときのみ実行する"	"□"	"□"	"Windows 10"	"ﾀｽｸの開始:ｶｽﾀﾑ ﾄﾘｶﾞｰ 設定:StateName:7548BCA32B188341"	"□"	""	"□"	""	""	""	"□"	""	"□"	""	"□"	""	"レ"	"操作:ｶｽﾀﾑ ﾊﾝﾄﾞﾗｰ 設定:ClassId:{61BCD1B9-340C-40EC-9D41-D7F1C0632F05} Data:SDCardEncryptionPolicy"	"□"	""	""	""	""	"□"	""	"□"	"□"	""	"レ"	"□"	"□"	""	""	"レ"	"3日間"	"レ"	"□"	""	"新しいｲﾝｽﾀﾝｽを開始しない"
"\Microsoft\Windows\Feedback\Siuf\DmClient"	"有効"	"Update SIUF strings"	"NT AUTHORITY\SYSTEM"	"ﾕｰｻﾞｰがﾛｸﾞｵﾝしているかどうかにかかわらず実行する"	"レ"	"□"	"Windows 10"	"ﾀｽｸの開始:(未定義)"	""	""	""	""	""	""	""	""	""	""	""	""	""	"操作:ﾌﾟﾛｸﾞﾗﾑの開始 設定:ﾌﾟﾛｸﾞﾗﾑ/ｽｸﾘﾌﾟﾄ:%windir%\system32\dmclient.exe"	"□"	""	""	""	""	"□"	""	"□"	"レ"	"任意の接続"	"レ"	"レ"	"□"	""	""	"レ"	"5分間"	"レ"	"□"	""	"新しいｲﾝｽﾀﾝｽを開始しない"
"\Microsoft\Windows\Feedback\Siuf\DmClientOnScenarioDownload"	"有効"	"Update SIUF strings"	"NT AUTHORITY\SYSTEM"	"ﾕｰｻﾞｰがﾛｸﾞｵﾝしているかどうかにかかわらず実行する"	"レ"	"□"	"Windows 10"	"ﾀｽｸの開始:ｶｽﾀﾑ ﾄﾘｶﾞｰ 設定:StateName:7518BEA3390B8A41"	"□"	""	"□"	""	""	""	"□"	""	"□"	""	"□"	""	"レ"	"操作:ﾌﾟﾛｸﾞﾗﾑの開始 設定:ﾌﾟﾛｸﾞﾗﾑ/ｽｸﾘﾌﾟﾄ:%windir%\system32\dmclient.exe 引数の追加:utcwnf"	"□"	""	""	""	""	"□"	""	"□"	"レ"	"任意の接続"	"レ"	"レ"	"□"	""	""	"レ"	"5分間"	"レ"	"□"	""	"新しいｲﾝｽﾀﾝｽを開始しない"
"\Microsoft\Windows\FileHistory\File History (maintenance mode)"	"有効"	"システムが無人のときにユーザー ファイルをバックアップ場所にコピーして不慮の損失から保護します"	"NT AUTHORITY\LOCAL SERVICE"	"ﾕｰｻﾞｰがﾛｸﾞｵﾝしているかどうかにかかわらず実行する"	"□"	"□"	"Windows 10"	"ﾀｽｸの開始:(未定義)"	""	""	""	""	""	""	""	""	""	""	""	""	""	"操作:ｶｽﾀﾑ ﾊﾝﾄﾞﾗｰ 設定:ClassId:{89917B7C-A1A6-11DF-8BF6-18A90531A85A}"	"□"	""	""	""	""	"レ"	"レ"	"□"	"□"	""	"レ"	"□"	"□"	""	""	"□"	""	"レ"	"□"	""	"新しいｲﾝｽﾀﾝｽを開始しない"
"\Microsoft\Windows\LanguageComponentsInstaller\Installation"	"有効"	"ユーザーの言語リストに一致する言語コンポーネントをインストールします。"	"NT AUTHORITY\INTERACTIVE"	"ﾕｰｻﾞｰがﾛｸﾞｵﾝしているときのみ実行する"	"□"	"□"	"Windows 10"	"ﾀｽｸの開始:ﾛｸﾞｵﾝ時 設定:任意のﾕｰｻﾞｰ"	"レ"	"15分間"	"レ"	"1日間"	"無期限"	"□"	"□"	""	"□"	""	"□"	""	"レ"	"操作:ｶｽﾀﾑ ﾊﾝﾄﾞﾗｰ 設定:ClassId:{6F58F65F-EC0E-4ACA-99FE-FC5A1A25E4BE} Data:Install $(Arg0)"	"□"	""	""	""	""	"レ"	"□"	"□"	"レ"	"任意の接続"	"レ"	"レ"	"□"	""	""	"レ"	"1時間"	"レ"	"□"	""	"新しいｲﾝｽﾀﾝｽをｷｭｰに追加"
""	""	""	""	""	""	""	""	"ﾀｽｸの開始:ｱｲﾄﾞﾙ時 設定:(なし)"	"□"	""	"レ"	"1日間"	"無期限"	"□"	"□"	""	"□"	""	"□"	""	"レ"	""	""	""	""	""	""	""	""	""	""	""	""	""	""	""	""	""	""	""	""	""	""
"\Microsoft\Windows\LanguageComponentsInstaller\Uninstallation"	"有効"	"どのユーザーの言語リストにもない言語コンポーネントをアンインストールします。"	"NT AUTHORITY\SYSTEM"	"ﾕｰｻﾞｰがﾛｸﾞｵﾝしているかどうかにかかわらず実行する"	"レ"	"□"	"Windows 10"	"ﾀｽｸの開始:(未定義)"	""	""	""	""	""	""	""	""	""	""	""	""	""	"操作:ｶｽﾀﾑ ﾊﾝﾄﾞﾗｰ 設定:ClassId:{6F58F65F-EC0E-4ACA-99FE-FC5A1A25E4BE} Data:Uninstall"	"□"	""	""	""	""	"レ"	"□"	"□"	"□"	""	"レ"	"レ"	"□"	""	""	"レ"	"1時間"	"レ"	"□"	""	"新しいｲﾝｽﾀﾝｽをｷｭｰに追加"
"\Microsoft\Windows\License Manager\TempSignedLicenseExchange"	"有効"	"Exchanges temporary preinstalled licenses for Windows Store licenses."	"NT AUTHORITY\INTERACTIVE"	"ﾕｰｻﾞｰがﾛｸﾞｵﾝしているときのみ実行する"	"レ"	"レ"	"Windows 10"	"ﾀｽｸの開始:(未定義)"	""	""	""	""	""	""	""	""	""	""	""	""	""	"操作:ｶｽﾀﾑ ﾊﾝﾄﾞﾗｰ 設定:ClassId:{77646A68-AD14-4D53-897D-7BE4DDE5F929}"	"レ"	"10分間"	"1時間"	"レ"	"□"	"□"	""	"□"	"レ"	"任意の接続"	"レ"	"レ"	"□"	""	""	"レ"	"3日間"	"レ"	"□"	""	"新しいｲﾝｽﾀﾝｽを開始しない"
"\Microsoft\Windows\Location\Notifications"	"有効"	"位置情報通知"	"NT AUTHORITY\Authenticated Users"	"ﾕｰｻﾞｰがﾛｸﾞｵﾝしているときのみ実行する"	"□"	"□"	"Windows 10"	"ﾀｽｸの開始:ｶｽﾀﾑ ﾄﾘｶﾞｰ 設定:StateName:7508BCA321089541"	"□"	""	"□"	""	""	""	"□"	""	"□"	""	"□"	""	"レ"	"操作:ﾌﾟﾛｸﾞﾗﾑの開始 設定:ﾌﾟﾛｸﾞﾗﾑ/ｽｸﾘﾌﾟﾄ:%windir%\System32\LocationNotificationWindows.exe"	"□"	""	""	""	""	"□"	""	"□"	"□"	""	"レ"	"□"	"□"	""	""	"□"	""	"レ"	"□"	""	"新しいｲﾝｽﾀﾝｽを並列で実行"
"\Microsoft\Windows\Location\WindowsActionDialog"	"有効"	"位置情報通知"	"NT AUTHORITY\Authenticated Users"	"ﾕｰｻﾞｰがﾛｸﾞｵﾝしているときのみ実行する"	"□"	"□"	"Windows 10"	"ﾀｽｸの開始:ｶｽﾀﾑ ﾄﾘｶﾞｰ 設定:StateName:7548BCA321089541"	"□"	""	"□"	""	""	""	"□"	""	"□"	""	"□"	""	"レ"	"操作:ﾌﾟﾛｸﾞﾗﾑの開始 設定:ﾌﾟﾛｸﾞﾗﾑ/ｽｸﾘﾌﾟﾄ:%windir%\System32\WindowsActionDialog.exe"	"□"	""	""	""	""	"□"	""	"□"	"□"	""	"レ"	"□"	"□"	""	""	"□"	""	"レ"	"□"	""	"新しいｲﾝｽﾀﾝｽを並列で実行"
"\Microsoft\Windows\Maintenance\WinSAT"	"有効"	"システムのパフォーマンスおよび性能を測定します"	"BUILTIN\Administrators"	"ﾕｰｻﾞｰがﾛｸﾞｵﾝしているときのみ実行する"	"レ"	"□"	"Windows 10"	"ﾀｽｸの開始:(未定義)"	""	""	""	""	""	""	""	""	""	""	""	""	""	"操作:ｶｽﾀﾑ ﾊﾝﾄﾞﾗｰ 設定:ClassId:{A9A33436-678B-4C9C-A211-7CC38785E79D}"	"□"	""	""	""	""	"レ"	"レ"	"□"	"□"	""	"レ"	"□"	"□"	""	""	"レ"	"30分間"	"レ"	"□"	""	"新しいｲﾝｽﾀﾝｽを開始しない"
"\Microsoft\Windows\Management\Provisioning\Cellular"	"有効"	"$(@%systemRoot%\system32\ProvTool.exe,-102)"	"NT AUTHORITY\SYSTEM"	"ﾕｰｻﾞｰがﾛｸﾞｵﾝしているかどうかにかかわらず実行する"	"レ"	"レ"	"Windows 10"	"ﾀｽｸの開始:ｶｽﾀﾑ ﾄﾘｶﾞｰ 設定:StateName:7518BCA33A19870F"	"□"	""	"□"	""	""	""	"□"	""	"□"	""	"□"	""	"レ"	"操作:ﾌﾟﾛｸﾞﾗﾑの開始 設定:ﾌﾟﾛｸﾞﾗﾑ/ｽｸﾘﾌﾟﾄ:%windir%\system32\ProvTool.exe 引数の追加:/turn 7 /source CellStateChangeTask"	"□"	""	""	""	""	"□"	""	"□"	"□"	""	"□"	"□"	"□"	""	""	"レ"	"3日間"	"□"	"□"	""	"新しいｲﾝｽﾀﾝｽをｷｭｰに追加"
"\Microsoft\Windows\Management\Provisioning\Logon"	"有効"	"$(@%systemRoot%\system32\ProvTool.exe,-102)"	"NT AUTHORITY\SYSTEM"	"ﾕｰｻﾞｰがﾛｸﾞｵﾝしているかどうかにかかわらず実行する"	"レ"	"レ"	"Windows 10"	"ﾀｽｸの開始:ﾛｸﾞｵﾝ時 設定:任意のﾕｰｻﾞｰ"	"□"	""	"□"	""	""	""	"□"	""	"□"	""	"□"	""	"レ"	"操作:ﾌﾟﾛｸﾞﾗﾑの開始 設定:ﾌﾟﾛｸﾞﾗﾑ/ｽｸﾘﾌﾟﾄ:%windir%\system32\ProvTool.exe 引数の追加:/turn 5 /source LogonIdleTask"	"レ"	"10分間"	"1時間"	"レ"	"□"	"□"	""	"□"	"□"	""	"□"	"レ"	"□"	""	""	"レ"	"3日間"	"□"	"□"	""	"既存のｲﾝｽﾀﾝｽの停止"
"\Microsoft\Windows\Maps\MapsToastTask"	"有効"	"This task shows various Map related toasts"	"NT AUTHORITY\INTERACTIVE"	"ﾕｰｻﾞｰがﾛｸﾞｵﾝしているときのみ実行する"	"□"	"レ"	"Windows 10"	"ﾀｽｸの開始:(未定義)"	""	""	""	""	""	""	""	""	""	""	""	""	""	"操作:ｶｽﾀﾑ ﾊﾝﾄﾞﾗｰ 設定:ClassId:{9885AEF2-BD9F-41E0-B15E-B3141395E803} Data:$(Arg0);$(Arg1);$(Arg2);$(Arg3);$(Arg4);$(Arg5);$(Arg6);$(Arg7)"	"□"	""	""	""	""	"□"	""	"□"	"□"	""	"レ"	"レ"	"□"	""	""	"レ"	"5秒間"	"レ"	"□"	""	"新しいｲﾝｽﾀﾝｽをｷｭｰに追加"
"\Microsoft\Windows\Maps\MapsUpdateTask"	"無効"	"このタスクは、オフライン用にダウンロードした地図の更新データをチェックします。このタスクを無効にした場合、地図データの更新が通知されなくなります。"	"NT AUTHORITY\NETWORK SERVICE"	"ﾕｰｻﾞｰがﾛｸﾞｵﾝしているかどうかにかかわらず実行する"	"□"	"□"	"Windows 10"	"ﾀｽｸの開始:ｽｹｼﾞｭｰﾙに従う 設定:1回"	"レ"	"2時間"	"レ"	"1日間"	"無期限"	"□"	"□"	""	"レ"	"2014-10-21 00:00:00"	"□"	""	"レ"	"操作:ｶｽﾀﾑ ﾊﾝﾄﾞﾗｰ 設定:ClassId:{B9033E87-33CF-4D77-BC9B-895AFBBA72E4}"	"□"	""	""	""	""	"レ"	"レ"	"□"	"レ"	"任意の接続"	"レ"	"レ"	"□"	""	""	"レ"	"40秒間"	"レ"	"□"	""	"新しいｲﾝｽﾀﾝｽを開始しない"
"\Microsoft\Windows\MemoryDiagnostic\ProcessMemoryDiagnosticEvents"	"有効"	"システム イベントに応じてメモリ診断のスケジュールを設定します。"	"BUILTIN\Administrators"	"ﾕｰｻﾞｰがﾛｸﾞｵﾝしているときのみ実行する"	"レ"	"レ"	"Windows 10"	"ﾀｽｸの開始:ｲﾍﾞﾝﾄ時 設定:ｲﾍﾞﾝﾄﾌｨﾙﾀｰ:<QueryList><Query Id=""0"" Path=""System""><Select Path=""System"">*[System[Provider[@Name='Microsoft-Windows-WER-SystemErrorReporting'] and (EventID=1000 or EventID=1001 or EventID=1006)]]</Select></Query></QueryList>"	"□"	""	"□"	""	""	""	"□"	""	"□"	""	"□"	""	"レ"	"操作:ｶｽﾀﾑ ﾊﾝﾄﾞﾗｰ 設定:ClassId:{8168E74A-B39F-46D8-ADCD-7BED477B80A3} Data:Event"	"レ"	"10分間"	"1時間"	"レ"	"レ"	"レ"	"レ"	"□"	"□"	""	"レ"	"レ"	"□"	""	""	"レ"	"2時間"	"□"	"□"	""	"新しいｲﾝｽﾀﾝｽを開始しない"
""	""	""	""	""	""	""	""	"ﾀｽｸの開始:ｲﾍﾞﾝﾄ時 設定:ｲﾍﾞﾝﾄﾌｨﾙﾀｰ:<QueryList><Query Id=""0"" Path=""Application""><Select Path=""Application"">*[System[Provider[@Name='Application Error'] and EventID=1000]]</Select></Query></QueryList>"	"□"	""	"□"	""	""	""	"□"	""	"□"	""	"□"	""	"レ"	""	""	""	""	""	""	""	""	""	""	""	""	""	""	""	""	""	""	""	""	""	""
""	""	""	""	""	""	""	""	"ﾀｽｸの開始:ｲﾍﾞﾝﾄ時 設定:ｲﾍﾞﾝﾄﾌｨﾙﾀｰ:<QueryList><Query Id=""0"" Path=""System""><Select Path=""System"">*[System[Provider[@Name='Application Popup'] and EventID=1801]]</Select></Query></QueryList>"	"□"	""	"□"	""	""	""	"□"	""	"□"	""	"□"	""	"レ"	""	""	""	""	""	""	""	""	""	""	""	""	""	""	""	""	""	""	""	""	""	""
""	""	""	""	""	""	""	""	"ﾀｽｸの開始:ｲﾍﾞﾝﾄ時 設定:ｲﾍﾞﾝﾄﾌｨﾙﾀｰ:<QueryList><Query Id=""0"" Path=""Microsoft-Windows-Kernel-StoreMgr/Operational""><Select Path=""Microsoft-Windows-Kernel-StoreMgr/Operational"">*[System[Provider[@Name='Microsoft-Windows-Kernel-StoreMgr'] and EventID=6]]</Select></Query></QueryList>"	"□"	""	"□"	""	""	""	"□"	""	"□"	""	"□"	""	"レ"	""	""	""	""	""	""	""	""	""	""	""	""	""	""	""	""	""	""	""	""	""	""
"\Microsoft\Windows\MemoryDiagnostic\RunFullMemoryDiagnostic"	"有効"	"物理メモリ (RAM) 内の問題を検出して緩和します。"	"BUILTIN\Administrators"	"ﾕｰｻﾞｰがﾛｸﾞｵﾝしているときのみ実行する"	"レ"	"レ"	"Windows 10"	"ﾀｽｸの開始:(未定義)"	""	""	""	""	""	""	""	""	""	""	""	""	""	"操作:ｶｽﾀﾑ ﾊﾝﾄﾞﾗｰ 設定:ClassId:{8168E74A-B39F-46D8-ADCD-7BED477B80A3} Data:Time"	"レ"	"10分間"	"1時間"	"レ"	"レ"	"レ"	"レ"	"□"	"□"	""	"レ"	"レ"	"□"	""	""	"レ"	"2時間"	"□"	"□"	""	"新しいｲﾝｽﾀﾝｽを開始しない"
"\Microsoft\Windows\Mobile Broadband Accounts\MNO Metadata Parser"	"有効"	"モバイル ブロードバンド アカウント エクスペリエンス メタデータ パーサー"	"NT AUTHORITY\SYSTEM"	"ﾕｰｻﾞｰがﾛｸﾞｵﾝしているかどうかにかかわらず実行する"	"□"	"□"	"Windows 10"	"ﾀｽｸの開始:ｲﾍﾞﾝﾄ時 設定:ｲﾍﾞﾝﾄﾌｨﾙﾀｰ:<QueryList>            <Query Id='1'>            <Select Path='Microsoft-Windows-DeviceSetupManager/Operational'>*[System/EventID=302] and *[EventData/Data[@Name='Prop_ServiceInfoNamespace']='http://schemas.microsoft.com/windows/2010/12/DeviceMetadata/MobileBroadBandInfo']</Select>            </Query>            </QueryList>"	"□"	""	"□"	""	""	""	"□"	""	"□"	""	"□"	""	"レ"	"操作:ﾌﾟﾛｸﾞﾗﾑの開始 設定:ﾌﾟﾛｸﾞﾗﾑ/ｽｸﾘﾌﾟﾄ:%SystemRoot%\System32\MbaeParserTask.exe"	"□"	""	""	""	""	"□"	""	"□"	"□"	""	"レ"	"□"	"□"	""	""	"レ"	"3分間"	"レ"	"□"	""	"新しいｲﾝｽﾀﾝｽをｷｭｰに追加"
"\Microsoft\Windows\MUI\LPRemove"	"有効"	"言語クリーンアップ ツールの起動"	"NT AUTHORITY\SYSTEM"	"ﾕｰｻﾞｰがﾛｸﾞｵﾝしているかどうかにかかわらず実行する"	"レ"	"□"	"Windows 10"	"ﾀｽｸの開始:(未定義)"	""	""	""	""	""	""	""	""	""	""	""	""	""	"操作:ﾌﾟﾛｸﾞﾗﾑの開始 設定:ﾌﾟﾛｸﾞﾗﾑ/ｽｸﾘﾌﾟﾄ:%windir%\system32\lpremove.exe"	"□"	""	""	""	""	"レ"	"レ"	"□"	"□"	""	"レ"	"□"	"□"	""	""	"レ"	"9時間"	"□"	"□"	""	"新しいｲﾝｽﾀﾝｽを開始しない"
"\Microsoft\Windows\Multimedia\SystemSoundsService"	"有効"	"システム サウンド ユーザー モード エージェント"	"BUILTIN\Users"	"ﾕｰｻﾞｰがﾛｸﾞｵﾝしているときのみ実行する"	"□"	"□"	"Windows 10"	"ﾀｽｸの開始:ﾛｸﾞｵﾝ時 設定:任意のﾕｰｻﾞｰ"	"□"	""	"□"	""	""	""	"□"	""	"□"	""	"□"	""	"レ"	"操作:ｶｽﾀﾑ ﾊﾝﾄﾞﾗｰ 設定:ClassId:{2DEA658F-54C1-4227-AF9B-260AB5FC3543}"	"□"	""	""	""	""	"□"	""	"□"	"□"	""	"レ"	"□"	"□"	""	""	"□"	""	"レ"	"□"	""	"新しいｲﾝｽﾀﾝｽを並列で実行"
"\Microsoft\Windows\NetTrace\GatherNetworkInfo"	"有効"	"ネットワーク情報コレクター"	"BUILTIN\Users"	"ﾕｰｻﾞｰがﾛｸﾞｵﾝしているときのみ実行する"	"レ"	"□"	"Windows 10"	"ﾀｽｸの開始:(未定義)"	""	""	""	""	""	""	""	""	""	""	""	""	""	"操作:ﾌﾟﾛｸﾞﾗﾑの開始 設定:ﾌﾟﾛｸﾞﾗﾑ/ｽｸﾘﾌﾟﾄ:%windir%\system32\gatherNetworkInfo.vbs 開始:$(Arg1)"	"□"	""	""	""	""	"□"	""	"□"	"□"	""	"レ"	"□"	"□"	""	""	"レ"	"3日間"	"レ"	"□"	""	"新しいｲﾝｽﾀﾝｽを並列で実行"
"\Microsoft\Windows\NlaSvc\WiFiTask"	"有効"	"ユーザーと Web の対話ごとに実行されるバックグラウンド タスク"	"NT AUTHORITY\INTERACTIVE"	"ﾕｰｻﾞｰがﾛｸﾞｵﾝしているときのみ実行する"	"□"	"レ"	"Windows 10"	"ﾀｽｸの開始:ｶｽﾀﾑ ﾄﾘｶﾞｰ 設定:StateName:7518BCA323028741"	"□"	""	"□"	""	""	""	"□"	""	"□"	""	"□"	""	"レ"	"操作:ﾌﾟﾛｸﾞﾗﾑの開始 設定:ﾌﾟﾛｸﾞﾗﾑ/ｽｸﾘﾌﾟﾄ:%SystemRoot%\System32\WiFiTask.exe 引数の追加:nla"	"□"	""	""	""	""	"□"	""	"□"	"□"	""	"□"	"□"	"□"	""	""	"レ"	"10分間"	"レ"	"□"	""	"新しいｲﾝｽﾀﾝｽをｷｭｰに追加"
"\Microsoft\Windows\PI\Secure-Boot-Update"	"有効"	"このタスクでは、セキュア ブートの変数が更新されます。"	"NT AUTHORITY\SYSTEM"	"ﾕｰｻﾞｰがﾛｸﾞｵﾝしているかどうかにかかわらず実行する"	"□"	"□"	"Windows 10"	"ﾀｽｸの開始:ｶｽﾀﾑ ﾄﾘｶﾞｰ 設定:StateName:7508BCA33E0C9541"	"□"	""	"□"	""	""	""	"□"	""	"□"	""	"□"	""	"レ"	"操作:ｶｽﾀﾑ ﾊﾝﾄﾞﾗｰ 設定:ClassId:{5014B7C8-934E-4262-9816-887FA745A6C4} Data:SBServicing"	"□"	""	""	""	""	"□"	""	"□"	"□"	""	"レ"	"レ"	"□"	""	""	"レ"	"1時間"	"レ"	"□"	""	"新しいｲﾝｽﾀﾝｽを開始しない"
"\Microsoft\Windows\PI\Sqm-Tasks"	"有効"	"このタスクは、トラステッド プラットフォーム モジュール (TPM)、セキュア ブート、メジャー ブートに関する情報を収集します。"	"NT AUTHORITY\SYSTEM"	"ﾕｰｻﾞｰがﾛｸﾞｵﾝしているかどうかにかかわらず実行する"	"□"	"□"	"Windows 10"	"ﾀｽｸの開始:(未定義)"	""	""	""	""	""	""	""	""	""	""	""	""	""	"操作:ｶｽﾀﾑ ﾊﾝﾄﾞﾗｰ 設定:ClassId:{5014B7C8-934E-4262-9816-887FA745A6C4} Data:PiSqmTasks"	"□"	""	""	""	""	"レ"	"□"	"□"	"□"	""	"レ"	"レ"	"□"	""	""	"レ"	"3日間"	"レ"	"□"	""	"新しいｲﾝｽﾀﾝｽを開始しない"
"\Microsoft\Windows\Plug and Play\Device Install Group Policy"	"有効"	"デバイス インストール グループ ポリシー変更ハンドラー"	"NT AUTHORITY\SYSTEM"	"ﾕｰｻﾞｰがﾛｸﾞｵﾝしているかどうかにかかわらず実行する"	"レ"	"レ"	"Windows 10"	"ﾀｽｸの開始:ｶｽﾀﾑ ﾄﾘｶﾞｰ 設定:StateName:7508BCA32A1E890D"	"□"	""	"□"	""	""	""	"□"	""	"□"	""	"□"	""	"レ"	"操作:ｶｽﾀﾑ ﾊﾝﾄﾞﾗｰ 設定:ClassId:{60400283-B242-4FA8-8C25-CAF695B88209}"	"□"	""	""	""	""	"□"	""	"□"	"□"	""	"レ"	"□"	"□"	""	""	"レ"	"1日間"	"□"	"□"	""	"新しいｲﾝｽﾀﾝｽをｷｭｰに追加"
"\Microsoft\Windows\Plug and Play\Device Install Reboot Required"	"有効"	"デバイスの設定を完了するために Windows を再起動する必要があることを、ユーザーに通知します。"	"NT AUTHORITY\INTERACTIVE"	"ﾕｰｻﾞｰがﾛｸﾞｵﾝしているときのみ実行する"	"レ"	"レ"	"Windows 10"	"ﾀｽｸの開始:ｶｽﾀﾑ ﾄﾘｶﾞｰ 設定:StateName:7508BCA33D009602"	"□"	""	"□"	""	""	""	"□"	""	"□"	""	"□"	""	"レ"	"操作:ｶｽﾀﾑ ﾊﾝﾄﾞﾗｰ 設定:ClassId:{48794782-6A1F-47B9-BD52-1D5F95D49C1B}"	"□"	""	""	""	""	"□"	""	"□"	"□"	""	"□"	"□"	"□"	""	""	"レ"	"3日間"	"□"	"□"	""	"新しいｲﾝｽﾀﾝｽをｷｭｰに追加"
""	""	""	""	""	""	""	""	"ﾀｽｸの開始:ﾛｸﾞｵﾝ時 設定:任意のﾕｰｻﾞｰ"	"□"	""	"□"	""	""	""	"□"	""	"□"	""	"□"	""	"レ"	""	""	""	""	""	""	""	""	""	""	""	""	""	""	""	""	""	""	""	""	""	""
"\Microsoft\Windows\Plug and Play\Sysprep Generalize Drivers"	"有効"	"どのようなハードウェア構成でも起動可能にするようにシステムを準備するため、ドライバーの状態を汎用化します。"	"NT AUTHORITY\SYSTEM"	"ﾕｰｻﾞｰがﾛｸﾞｵﾝしているかどうかにかかわらず実行する"	"□"	"□"	"Windows 10"	"ﾀｽｸの開始:(未定義)"	""	""	""	""	""	""	""	""	""	""	""	""	""	"操作:ﾌﾟﾛｸﾞﾗﾑの開始 設定:ﾌﾟﾛｸﾞﾗﾑ/ｽｸﾘﾌﾟﾄ:%SystemRoot%\System32\drvinst.exe 引数の追加:6"	"□"	""	""	""	""	"□"	""	"□"	"□"	""	"レ"	"□"	"□"	""	""	"レ"	"3日間"	"レ"	"□"	""	"新しいｲﾝｽﾀﾝｽを開始しない"
"\Microsoft\Windows\Power Efficiency Diagnostics\AnalyzeSystem"	"有効"	"このタスクでは、システムを分析し、大量のエネルギー消費の原因になる可能性のある状況を探します。"	"NT AUTHORITY\SYSTEM"	"ﾕｰｻﾞｰがﾛｸﾞｵﾝしているかどうかにかかわらず実行する"	"□"	"□"	"Windows 10"	"ﾀｽｸの開始:(未定義)"	""	""	""	""	""	""	""	""	""	""	""	""	""	"操作:ｶｽﾀﾑ ﾊﾝﾄﾞﾗｰ 設定:ClassId:{927EA2AF-1C54-43D5-825E-0074CE028EEE}"	"□"	""	""	""	""	"□"	""	"□"	"□"	""	"レ"	"レ"	"□"	""	""	"レ"	"5分間"	"レ"	"□"	""	"新しいｲﾝｽﾀﾝｽを開始しない"
"\Microsoft\Windows\Ras\MobilityManager"	"有効"	"基礎となるインターフェイスがダウンした場合、モビリティが有効化された VPN 接続の切り替えのサポートを提供します。"	"NT AUTHORITY\LOCAL SERVICE"	"ﾕｰｻﾞｰがﾛｸﾞｵﾝしているかどうかにかかわらず実行する"	"□"	"□"	"Windows 10"	"ﾀｽｸの開始:ｲﾍﾞﾝﾄ時 設定:ｲﾍﾞﾝﾄﾌｨﾙﾀｰ:<QueryList>              <Query                  Id=""0""                  Path=""Application""                  >                <Select Path=""Application"">*[System[Provider[@Name='RasClient'] and (Level=4 or Level=0) and (EventID=20281)]]</Select>              </Query>            </QueryList>"	"□"	""	"□"	""	""	""	"□"	""	"□"	""	"□"	""	"レ"	"操作:ｶｽﾀﾑ ﾊﾝﾄﾞﾗｰ 設定:ClassId:{C463A0FC-794F-4FDF-9201-01938CEACAFA}"	"□"	""	""	""	""	"□"	""	"□"	"□"	""	"レ"	"レ"	"□"	""	""	"レ"	"3日間"	"レ"	"□"	""	"新しいｲﾝｽﾀﾝｽを並列で実行"
"\Microsoft\Windows\RecoveryEnvironment\VerifyWinRE"	"有効"	"Windows 回復環境を検証します。"	"BUILTIN\Administrators"	"ﾕｰｻﾞｰがﾛｸﾞｵﾝしているときのみ実行する"	"レ"	"レ"	"Windows 10"	"ﾀｽｸの開始:(未定義)"	""	""	""	""	""	""	""	""	""	""	""	""	""	"操作:ｶｽﾀﾑ ﾊﾝﾄﾞﾗｰ 設定:ClassId:{89D1D0C2-A3CF-490C-ABE3-B86CDE34B047} Data:VerifyWinRE"	"レ"	"10分間"	"1時間"	"□"	""	"レ"	"□"	"□"	"□"	""	"レ"	"レ"	"□"	""	""	"レ"	"1時間"	"□"	"□"	""	"新しいｲﾝｽﾀﾝｽを開始しない"
"\Microsoft\Windows\Registry\RegIdleBackup"	"有効"	"レジストリ アイドル バックアップ タスク"	"NT AUTHORITY\SYSTEM"	"ﾕｰｻﾞｰがﾛｸﾞｵﾝしているかどうかにかかわらず実行する"	"□"	"レ"	"Windows 10"	"ﾀｽｸの開始:(未定義)"	""	""	""	""	""	""	""	""	""	""	""	""	""	"操作:ｶｽﾀﾑ ﾊﾝﾄﾞﾗｰ 設定:ClassId:{CA767AA8-9157-4604-B64B-40747123D5F2}"	"□"	""	""	""	""	"レ"	"□"	"□"	"□"	""	"レ"	"レ"	"□"	""	""	"□"	""	"レ"	"□"	""	"新しいｲﾝｽﾀﾝｽを開始しない"
"\Microsoft\Windows\RemoteAssistance\RemoteAssistanceTask"	"有効"	"グループ ポリシーに、リモート アシスタンスに関連する変更があるかどうかを確認します"	"NT AUTHORITY\SYSTEM"	"ﾕｰｻﾞｰがﾛｸﾞｵﾝしているかどうかにかかわらず実行する"	"レ"	"レ"	"Windows 10"	"ﾀｽｸの開始:ｲﾍﾞﾝﾄ時 設定:ｲﾍﾞﾝﾄﾌｨﾙﾀｰ:<QueryList><Query Id=""0"" Path=""System""><Select Path=""System"">*[System[Provider[@Name='Microsoft-Windows-GroupPolicy'] and EventID=1502]]</Select></Query></QueryList>"	"レ"	"15秒間"	"□"	""	""	""	"□"	""	"□"	""	"□"	""	"レ"	"操作:ﾌﾟﾛｸﾞﾗﾑの開始 設定:ﾌﾟﾛｸﾞﾗﾑ/ｽｸﾘﾌﾟﾄ:%windir%\system32\RAServer.exe 引数の追加:/offerraupdate 開始:%windir%"	"□"	""	""	""	""	"□"	""	"□"	"□"	""	"レ"	"□"	"□"	""	""	"レ"	"3日間"	"レ"	"□"	""	"新しいｲﾝｽﾀﾝｽをｷｭｰに追加"
""	""	""	""	""	""	""	""	"ﾀｽｸの開始:ﾀｽｸの作成/変更時 設定:(なし)"	"□"	""	"□"	""	""	""	"□"	""	"□"	""	"□"	""	"レ"	""	""	""	""	""	""	""	""	""	""	""	""	""	""	""	""	""	""	""	""	""	""
"\Microsoft\Windows\RetailDemo\CleanupOfflineContent"	"有効"	"RetailDemo オフライン コンテンツの自動クリーンアップ"	"NT AUTHORITY\SYSTEM"	"ﾕｰｻﾞｰがﾛｸﾞｵﾝしているかどうかにかかわらず実行する"	"レ"	"レ"	"Windows 7, Windows Server 2008 R2"	"ﾀｽｸの開始:ｽｹｼﾞｭｰﾙに従う 設定:毎日 間隔(日):1"	"□"	""	"□"	""	""	""	"□"	""	"レ"	"2017-07-22 19:01:18"	"□"	""	"レ"	"操作:ｶｽﾀﾑ ﾊﾝﾄﾞﾗｰ 設定:ClassId:{61F77D5E-AFE9-400B-A5E6-E9E80FC8E601}"	"□"	""	""	""	""	"□"	""	"□"	"□"	""	"□"	"レ"	"□"	""	""	"レ"	"3日間"	"□"	"□"	""	"新しいｲﾝｽﾀﾝｽを開始しない"
"\Microsoft\Windows\Servicing\StartComponentCleanup"	"有効"	""	"NT AUTHORITY\SYSTEM"	"ﾕｰｻﾞｰがﾛｸﾞｵﾝしているかどうかにかかわらず実行する"	"レ"	"□"	"Windows 10"	"ﾀｽｸの開始:(未定義)"	""	""	""	""	""	""	""	""	""	""	""	""	""	"操作:ｶｽﾀﾑ ﾊﾝﾄﾞﾗｰ 設定:ClassId:{752073A1-23F2-4396-85F0-8FDB879ED0ED}"	"□"	""	""	""	""	"レ"	"レ"	"□"	"□"	""	"レ"	"レ"	"□"	""	""	"レ"	"1時間"	"□"	"□"	""	"新しいｲﾝｽﾀﾝｽを開始しない"
"\Microsoft\Windows\SettingSync\BackgroundUploadTask"	"有効"	""	"NT AUTHORITY\INTERACTIVE"	"ﾕｰｻﾞｰがﾛｸﾞｵﾝしているときのみ実行する"	"□"	"レ"	"Windows 10"	"ﾀｽｸの開始:(未定義)"	""	""	""	""	""	""	""	""	""	""	""	""	""	"操作:ｶｽﾀﾑ ﾊﾝﾄﾞﾗｰ 設定:ClassId:{59B9640B-3F70-4D1C-B159-F26EEB8A4C87}"	"レ"	"10分間"	"3時間"	"レ"	"□"	"□"	""	"□"	"□"	""	"レ"	"レ"	"□"	""	""	"レ"	"3日間"	"レ"	"□"	""	"新しいｲﾝｽﾀﾝｽを並列で実行"
"\Microsoft\Windows\SettingSync\BackupTask"	"有効"	""	"NT AUTHORITY\INTERACTIVE"	"ﾕｰｻﾞｰがﾛｸﾞｵﾝしているときのみ実行する"	"□"	"レ"	"Windows 10"	"ﾀｽｸの開始:(未定義)"	""	""	""	""	""	""	""	""	""	""	""	""	""	"操作:ｶｽﾀﾑ ﾊﾝﾄﾞﾗｰ 設定:ClassId:{60A4C78C-E2B8-4E6E-876F-DA203B02C05E}"	"レ"	"10分間"	"3時間"	"レ"	"□"	"□"	""	"□"	"レ"	"任意の接続"	"レ"	"□"	"□"	""	""	"レ"	"3日間"	"レ"	"□"	""	"新しいｲﾝｽﾀﾝｽを並列で実行"
"\Microsoft\Windows\SettingSync\NetworkStateChangeTask"	"有効"	""	"NT AUTHORITY\INTERACTIVE"	"ﾕｰｻﾞｰがﾛｸﾞｵﾝしているときのみ実行する"	"□"	"レ"	"Windows 10"	"ﾀｽｸの開始:ｶｽﾀﾑ ﾄﾘｶﾞｰ 設定:StateName:7508BCA33E0B8441"	"□"	""	"□"	""	""	""	"□"	""	"□"	""	"□"	""	"レ"	"操作:ｶｽﾀﾑ ﾊﾝﾄﾞﾗｰ 設定:ClassId:{A4173A49-F373-4475-9A0F-2D615204DC20}"	"□"	""	""	""	""	"□"	""	"□"	"レ"	"任意の接続"	"レ"	"□"	"□"	""	""	"□"	""	"レ"	"□"	""	"新しいｲﾝｽﾀﾝｽをｷｭｰに追加"
""	""	""	""	""	""	""	""	"ﾀｽｸの開始:ｶｽﾀﾑ ﾄﾘｶﾞｰ 設定:StateName:7510BCA33E0B8441"	"□"	""	"□"	""	""	""	"□"	""	"□"	""	"□"	""	"レ"	""	""	""	""	""	""	""	""	""	""	""	""	""	""	""	""	""	""	""	""	""	""
"\Microsoft\Windows\Setup\SetupCleanupTask"	"有効"	"インストールしてから数日後に以前の Windows インストールのファイルを削除します。"	"NT AUTHORITY\SYSTEM"	"ﾕｰｻﾞｰがﾛｸﾞｵﾝしているかどうかにかかわらず実行する"	"レ"	"□"	"Windows 10"	"ﾀｽｸの開始:ｽｹｼﾞｭｰﾙに従う 設定:1回"	"□"	""	"レ"	"5日間"	"無期限"	"□"	"□"	""	"レ"	"2004-01-02 06:00:00"	"□"	""	"レ"	"操作:ｶｽﾀﾑ ﾊﾝﾄﾞﾗｰ 設定:ClassId:{7C83C056-1D0D-4C8E-A6B0-89E79C213559}"	"□"	""	""	""	""	"レ"	"レ"	"□"	"□"	""	"レ"	"□"	"□"	""	""	"レ"	"3日間"	"レ"	"□"	""	"新しいｲﾝｽﾀﾝｽを開始しない"
"\Microsoft\Windows\SharedPC\Account Cleanup"	"無効"	""	"NT AUTHORITY\SYSTEM"	"ﾕｰｻﾞｰがﾛｸﾞｵﾝしているかどうかにかかわらず実行する"	"レ"	"□"	"Windows 10"	"ﾀｽｸの開始:(未定義)"	""	""	""	""	""	""	""	""	""	""	""	""	""	"操作:ﾌﾟﾛｸﾞﾗﾑの開始 設定:ﾌﾟﾛｸﾞﾗﾑ/ｽｸﾘﾌﾟﾄ:%windir%\System32\rundll32.exe 引数の追加:%windir%\System32\Windows.SharedPC.AccountManager.dll,StartMaintenance"	"レ"	"10分間"	"1時間"	"レ"	"□"	"レ"	"レ"	"レ"	"□"	""	"レ"	"レ"	"□"	""	""	"レ"	"30分間"	"□"	"□"	""	"新しいｲﾝｽﾀﾝｽを開始しない"
"\Microsoft\Windows\Shell\CreateObjectTask"	"有効"	"システム データにアクセスするシェル コンポーネントをサポートします"	"NT AUTHORITY\SYSTEM"	"ﾕｰｻﾞｰがﾛｸﾞｵﾝしているかどうかにかかわらず実行する"	"□"	"レ"	"Windows 10"	"ﾀｽｸの開始:(未定義)"	""	""	""	""	""	""	""	""	""	""	""	""	""	"操作:ｶｽﾀﾑ ﾊﾝﾄﾞﾗｰ 設定:ClassId:{990A9F8F-301F-45F7-8D0E-68C5952DBA43}"	"□"	""	""	""	""	"□"	""	"□"	"□"	""	"レ"	"□"	"□"	""	""	"レ"	"30秒間"	"レ"	"□"	""	"新しいｲﾝｽﾀﾝｽを開始しない"
"\Microsoft\Windows\Shell\FamilySafetyMonitor"	"有効"	"ファミリー セーフティの監視と強制を初期化します。"	"NT AUTHORITY\SYSTEM"	"ﾕｰｻﾞｰがﾛｸﾞｵﾝしているかどうかにかかわらず実行する"	"レ"	"□"	"Windows 10"	"ﾀｽｸの開始:(未定義)"	""	""	""	""	""	""	""	""	""	""	""	""	""	"操作:ﾌﾟﾛｸﾞﾗﾑの開始 設定:ﾌﾟﾛｸﾞﾗﾑ/ｽｸﾘﾌﾟﾄ:%windir%\System32\wpcmon.exe"	"□"	""	""	""	""	"□"	""	"□"	"□"	""	"レ"	"□"	"□"	""	""	"レ"	"10分間"	"レ"	"□"	""	"新しいｲﾝｽﾀﾝｽをｷｭｰに追加"
"\Microsoft\Windows\Shell\FamilySafetyMonitorToastTask"	"無効"	"Microsoft ファミリ機能のサービスによって最新の設定を同期します。"	"NT AUTHORITY\SYSTEM"	"ﾕｰｻﾞｰがﾛｸﾞｵﾝしているかどうかにかかわらず実行する"	"レ"	"□"	"Windows 10"	"ﾀｽｸの開始:ｶｽﾀﾑ ﾄﾘｶﾞｰ 設定:StateName:7508BCA33E068A41"	"□"	""	"□"	""	""	""	"□"	""	"□"	""	"□"	""	"レ"	"操作:ｶｽﾀﾑ ﾊﾝﾄﾞﾗｰ 設定:ClassId:{D2CBF5F7-5702-440B-8D8F-8203034A6B82} Data:$(Arg0)"	"□"	""	""	""	""	"□"	""	"□"	"レ"	"任意の接続"	"レ"	"□"	"□"	""	""	"レ"	"10分間"	"レ"	"□"	""	"新しいｲﾝｽﾀﾝｽを開始しない"
"\Microsoft\Windows\Shell\FamilySafetyRefreshTask"	"有効"	"Microsoft ファミリ機能のサービスによって最新の設定を同期します。"	"NT AUTHORITY\SYSTEM"	"ﾕｰｻﾞｰがﾛｸﾞｵﾝしているかどうかにかかわらず実行する"	"レ"	"□"	"Windows 10"	"ﾀｽｸの開始:ｶｽﾀﾑ ﾄﾘｶﾞｰ 設定:StateName:7508BCA33A089541"	"□"	""	"□"	""	""	""	"□"	""	"□"	""	"□"	""	"レ"	"操作:ｶｽﾀﾑ ﾊﾝﾄﾞﾗｰ 設定:ClassId:{C844C79D-AED8-4DCE-AB25-4D359BED84F8} Data:$(Arg0)"	"□"	""	""	""	""	"□"	""	"□"	"レ"	"任意の接続"	"レ"	"□"	"□"	""	""	"レ"	"10分間"	"レ"	"□"	""	"新しいｲﾝｽﾀﾝｽを開始しない"
"\Microsoft\Windows\Shell\IndexerAutomaticMaintenance"	"有効"	"検索インデックスを最新の状態に保ちます"	"NT AUTHORITY\LOCAL SERVICE"	"ﾕｰｻﾞｰがﾛｸﾞｵﾝしているかどうかにかかわらず実行する"	"□"	"□"	"Windows 10"	"ﾀｽｸの開始:(未定義)"	""	""	""	""	""	""	""	""	""	""	""	""	""	"操作:ｶｽﾀﾑ ﾊﾝﾄﾞﾗｰ 設定:ClassId:{3FBA60A6-7BF5-4868-A2CA-6623B3DFFEA6}"	"□"	""	""	""	""	"レ"	"レ"	"□"	"□"	""	"レ"	"□"	"□"	""	""	"レ"	"3日間"	"レ"	"□"	""	"新しいｲﾝｽﾀﾝｽを開始しない"
"\Microsoft\Windows\SoftwareProtectionPlatform\SvcRestartTask"	"有効"	"このタスクは、ソフトウェア保護プラットフォーム サービスを指定された時間に再開します"	"NT AUTHORITY\NETWORK SERVICE"	"ﾕｰｻﾞｰがﾛｸﾞｵﾝしているかどうかにかかわらず実行する"	"□"	"レ"	"Windows 10"	"ﾀｽｸの開始:ｽｹｼﾞｭｰﾙに従う 設定:毎日 間隔(日):1"	"□"	""	"□"	""	""	""	"□"	""	"レ"	"2017-07-17 01:23:37+09:00"	"□"	""	"レ"	"操作:ｶｽﾀﾑ ﾊﾝﾄﾞﾗｰ 設定:ClassId:{B1AEBB5D-EAD9-4476-B375-9C3ED9F32AFC} Data:timer"	"□"	""	""	""	""	"□"	""	"□"	"□"	""	"レ"	"レ"	"レ"	"1分間"	"3"	"□"	""	"□"	"□"	""	"新しいｲﾝｽﾀﾝｽを開始しない"
"\Microsoft\Windows\SoftwareProtectionPlatform\SvcRestartTaskLogon"	"有効"	"このタスクは、ソフトウェア保護プラットフォーム サービスをユーザー ログオンの発生時に再開します"	"NT AUTHORITY\INTERACTIVE"	"ﾕｰｻﾞｰがﾛｸﾞｵﾝしているときのみ実行する"	"□"	"レ"	"Windows 10"	"ﾀｽｸの開始:ﾛｸﾞｵﾝ時 設定:任意のﾕｰｻﾞｰ"	"□"	""	"□"	""	""	""	"□"	""	"□"	""	"□"	""	"レ"	"操作:ｶｽﾀﾑ ﾊﾝﾄﾞﾗｰ 設定:ClassId:{B1AEBB5D-EAD9-4476-B375-9C3ED9F32AFC} Data:logon"	"□"	""	""	""	""	"□"	""	"□"	"□"	""	"レ"	"□"	"レ"	"1分間"	"3"	"□"	""	"□"	"□"	""	"新しいｲﾝｽﾀﾝｽを開始しない"
"\Microsoft\Windows\SoftwareProtectionPlatform\SvcRestartTaskNetwork"	"有効"	"このタスクは、ソフトウェア保護プラットフォーム サービスを新しいネットワークの検出時に再開します"	"NT AUTHORITY\NETWORK SERVICE"	"ﾕｰｻﾞｰがﾛｸﾞｵﾝしているかどうかにかかわらず実行する"	"□"	"レ"	"Windows 10"	"ﾀｽｸの開始:ｲﾍﾞﾝﾄ時 設定:ｲﾍﾞﾝﾄﾌｨﾙﾀｰ:<QueryList><Query Id=""0"" Path=""Microsoft-Windows-NetworkProfile/Operational""><Select Path=""Microsoft-Windows-NetworkProfile/Operational"">*[System[EventID=10000]]</Select></Query></QueryList>"	"□"	""	"□"	""	""	""	"□"	""	"□"	""	"□"	""	"レ"	"操作:ｶｽﾀﾑ ﾊﾝﾄﾞﾗｰ 設定:ClassId:{B1AEBB5D-EAD9-4476-B375-9C3ED9F32AFC} Data:network"	"□"	""	""	""	""	"□"	""	"□"	"□"	""	"レ"	"□"	"レ"	"1分間"	"3"	"□"	""	"□"	"□"	""	"新しいｲﾝｽﾀﾝｽを開始しない"
"\Microsoft\Windows\SpacePort\SpaceAgentTask"	"有効"	"記憶域スペースの設定"	"NT AUTHORITY\SYSTEM"	"ﾕｰｻﾞｰがﾛｸﾞｵﾝしているかどうかにかかわらず実行する"	"レ"	"□"	"Windows 10"	"ﾀｽｸの開始:ｽﾀｰﾄｱｯﾌﾟ時 設定:(なし)"	"レ"	"2分間"	"□"	""	""	""	"□"	""	"□"	""	"□"	""	"□"	"操作:ﾌﾟﾛｸﾞﾗﾑの開始 設定:ﾌﾟﾛｸﾞﾗﾑ/ｽｸﾘﾌﾟﾄ:%windir%\system32\SpaceAgent.exe"	"□"	""	""	""	""	"□"	""	"□"	"□"	""	"レ"	"□"	"□"	""	""	"レ"	"6時間"	"レ"	"□"	""	"新しいｲﾝｽﾀﾝｽを開始しない"
""	""	""	""	""	""	""	""	"ﾀｽｸの開始:ｶｽﾀﾑ ﾄﾘｶﾞｰ 設定:StateName:7508BCA33E1E8702"	"□"	""	"□"	""	""	""	"□"	""	"□"	""	"□"	""	"レ"	""	""	""	""	""	""	""	""	""	""	""	""	""	""	""	""	""	""	""	""	""	""
"\Microsoft\Windows\SpacePort\SpaceManagerTask"	"有効"	"$(@%SystemRoot%\system32\spaceman.exe,-3)"	"NT AUTHORITY\SYSTEM"	"ﾕｰｻﾞｰがﾛｸﾞｵﾝしているかどうかにかかわらず実行する"	"レ"	"□"	"Windows 10"	"ﾀｽｸの開始:ｽﾀｰﾄｱｯﾌﾟ時 設定:(なし)"	"レ"	"2分間"	"□"	""	""	""	"□"	""	"□"	""	"□"	""	"□"	"操作:ﾌﾟﾛｸﾞﾗﾑの開始 設定:ﾌﾟﾛｸﾞﾗﾑ/ｽｸﾘﾌﾟﾄ:%windir%\system32\spaceman.exe 引数の追加:/Work"	"□"	""	""	""	""	"□"	""	"□"	"□"	""	"レ"	"□"	"□"	""	""	"□"	""	"レ"	"□"	""	"新しいｲﾝｽﾀﾝｽを開始しない"
""	""	""	""	""	""	""	""	"ﾀｽｸの開始:ｶｽﾀﾑ ﾄﾘｶﾞｰ 設定:StateName:7510BCA33E1E8702"	"□"	""	"□"	""	""	""	"□"	""	"□"	""	"□"	""	"レ"	""	""	""	""	""	""	""	""	""	""	""	""	""	""	""	""	""	""	""	""	""	""
"\Microsoft\Windows\Speech\SpeechModelDownloadTask"	"有効"	""	"NT AUTHORITY\NETWORK SERVICE"	"ﾕｰｻﾞｰがﾛｸﾞｵﾝしているかどうかにかかわらず実行する"	"□"	"□"	"Windows 10"	"ﾀｽｸの開始:ｽｹｼﾞｭｰﾙに従う 設定:毎日 間隔(日):1"	"□"	""	"□"	""	""	""	"□"	""	"レ"	"2004-01-01 00:00:00"	"□"	""	"レ"	"操作:ﾌﾟﾛｸﾞﾗﾑの開始 設定:ﾌﾟﾛｸﾞﾗﾑ/ｽｸﾘﾌﾟﾄ:%windir%\system32\speech_onecore\common\SpeechModelDownload.exe"	"レ"	"10分間"	"1時間"	"□"	""	"レ"	"レ"	"□"	"レ"	"任意の接続"	"レ"	"レ"	"レ"	"1分間"	"3"	"レ"	"10分間"	"レ"	"□"	""	"新しいｲﾝｽﾀﾝｽを開始しない"
"\Microsoft\Windows\Storage Tiers Management\Storage Tiers Management Initialization"	"有効"	"最初の階層型記憶域がシステムで検出されたときに、記憶域階層管理サービスを初期化します。このタスクは削除または変更しないでください。"	"NT AUTHORITY\SYSTEM"	"ﾕｰｻﾞｰがﾛｸﾞｵﾝしているかどうかにかかわらず実行する"	"レ"	"□"	"Windows 10"	"ﾀｽｸの開始:ｶｽﾀﾑ ﾄﾘｶﾞｰ 設定:StateName:7508BCA32B1D940D"	"□"	""	"□"	""	""	""	"□"	""	"□"	""	"□"	""	"レ"	"操作:ｶｽﾀﾑ ﾊﾝﾄﾞﾗｰ 設定:ClassId:{5C9AB547-345D-4175-9AF6-65133463A100}"	"□"	""	""	""	""	"レ"	"レ"	"□"	"□"	""	"レ"	"レ"	"□"	""	""	"□"	""	"レ"	"□"	""	"新しいｲﾝｽﾀﾝｽを開始しない"
"\Microsoft\Windows\Storage Tiers Management\Storage Tiers Optimization"	"無効"	"システム内のすべての階層型記憶域で、記憶域階層へのデータの配置を最適化します。"	"NT AUTHORITY\SYSTEM"	"ﾕｰｻﾞｰがﾛｸﾞｵﾝしているかどうかにかかわらず実行する"	"レ"	"□"	"Windows 10"	"ﾀｽｸの開始:ｽｹｼﾞｭｰﾙに従う 設定:1回"	"□"	""	"レ"	"4時間"	"無期限"	"□"	"□"	""	"レ"	"2013-01-01 01:00:00"	"□"	""	"レ"	"操作:ﾌﾟﾛｸﾞﾗﾑの開始 設定:ﾌﾟﾛｸﾞﾗﾑ/ｽｸﾘﾌﾟﾄ:%windir%\system32\defrag.exe 引数の追加:-c -h -g -# -m 8 -i 13500"	"□"	""	""	""	""	"レ"	"レ"	"□"	"□"	""	"レ"	"レ"	"□"	""	""	"レ"	"3日間"	"レ"	"□"	""	"新しいｲﾝｽﾀﾝｽを開始しない"
"\Microsoft\Windows\Subscription\EnableLicenseAcquisition"	"有効"	"Enable susbscription license acquisition"	"NT AUTHORITY\SYSTEM"	"ﾕｰｻﾞｰがﾛｸﾞｵﾝしているかどうかにかかわらず実行する"	"レ"	"レ"	"Windows 10"	"ﾀｽｸの開始:ｲﾍﾞﾝﾄ時 設定:ｲﾍﾞﾝﾄﾌｨﾙﾀｰ:<QueryList><Query Id=""0"" Path=""Microsoft-Windows-User Device Registration/Admin""><Select Path=""Microsoft-Windows-User Device Registration/Admin"">*[System[Provider[@Name='Microsoft-Windows-User Device Registration'] and EventID=105]]</Select></Query></QueryList>"	"□"	""	"□"	""	""	""	"□"	""	"□"	""	"□"	""	"レ"	"操作:ﾌﾟﾛｸﾞﾗﾑの開始 設定:ﾌﾟﾛｸﾞﾗﾑ/ｽｸﾘﾌﾟﾄ:%SystemRoot%\system32\ClipRenew.exe 引数の追加:-e"	"□"	""	""	""	""	"□"	""	"□"	"□"	""	"レ"	"レ"	"レ"	"1分間"	"5"	"□"	""	"□"	"□"	""	"新しいｲﾝｽﾀﾝｽをｷｭｰに追加"
""	""	""	""	""	""	""	""	"ﾀｽｸの開始:ｲﾍﾞﾝﾄ時 設定:ｲﾍﾞﾝﾄﾌｨﾙﾀｰ:<QueryList><Query Id=""0"" Path=""Application""><Select Path=""Application"">*[System[Provider[@Name='Microsoft-Windows-Security-SPP'] and EventID=1061]]</Select></Query></QueryList>"	"□"	""	"□"	""	""	""	"□"	""	"□"	""	"□"	""	"レ"	""	""	""	""	""	""	""	""	""	""	""	""	""	""	""	""	""	""	""	""	""	""
""	""	""	""	""	""	""	""	"ﾀｽｸの開始:ｶｽﾀﾑ ﾄﾘｶﾞｰ 設定:StateName:7524BCA33E06830D"	"□"	""	"□"	""	""	""	"□"	""	"□"	""	"□"	""	"レ"	""	""	""	""	""	""	""	""	""	""	""	""	""	""	""	""	""	""	""	""	""	""
"\Microsoft\Windows\Subscription\LicenseAcquisition"	"無効"	"Susbscription license acquisition"	"NT AUTHORITY\INTERACTIVE"	"ﾕｰｻﾞｰがﾛｸﾞｵﾝしているときのみ実行する"	"レ"	"レ"	"Windows 10"	"ﾀｽｸの開始:ｽｹｼﾞｭｰﾙに従う 設定:毎日 間隔(日):1"	"レ"	"8時間"	"□"	""	""	""	"□"	""	"レ"	"2016-01-01 09:00:00+09:00"	"□"	""	"レ"	"操作:ﾌﾟﾛｸﾞﾗﾑの開始 設定:ﾌﾟﾛｸﾞﾗﾑ/ｽｸﾘﾌﾟﾄ:%SystemRoot%\system32\ClipRenew.exe"	"□"	""	""	""	""	"□"	""	"□"	"レ"	"任意の接続"	"レ"	"レ"	"□"	""	""	"□"	""	"□"	"□"	""	"新しいｲﾝｽﾀﾝｽをｷｭｰに追加"
""	""	""	""	""	""	""	""	"ﾀｽｸの開始:ﾀｽｸの作成/変更時 設定:(なし)"	"□"	""	"□"	""	""	""	"□"	""	"□"	""	"□"	""	"レ"	""	""	""	""	""	""	""	""	""	""	""	""	""	""	""	""	""	""	""	""	""	""
""	""	""	""	""	""	""	""	"ﾀｽｸの開始:ｶｽﾀﾑ ﾄﾘｶﾞｰ 設定:StateName:7518BCA33E06830D"	"□"	""	"□"	""	""	""	"□"	""	"□"	""	"□"	""	"レ"	""	""	""	""	""	""	""	""	""	""	""	""	""	""	""	""	""	""	""	""	""	""
"\Microsoft\Windows\Sysmain\HybridDriveCachePrepopulate"	"無効"	"ハイブリッド ドライブ キャッシュの事前作成タスク"	"NT AUTHORITY\SYSTEM"	"ﾕｰｻﾞｰがﾛｸﾞｵﾝしているかどうかにかかわらず実行する"	"レ"	"□"	"Windows 10"	"ﾀｽｸの開始:(未定義)"	""	""	""	""	""	""	""	""	""	""	""	""	""	"操作:ｶｽﾀﾑ ﾊﾝﾄﾞﾗｰ 設定:ClassId:{17C82257-654E-4C47-8E23-DCA24EAA76A0}"	"レ"	"10分間"	"1時間"	"レ"	"□"	"レ"	"レ"	"□"	"□"	""	"レ"	"□"	"□"	""	""	"レ"	"2時間"	"□"	"□"	""	"新しいｲﾝｽﾀﾝｽを開始しない"
"\Microsoft\Windows\Sysmain\HybridDriveCacheRebalance"	"無効"	"ハイブリッド ドライブ キャッシュの再バランス調整を行うメンテナンス タスク"	"NT AUTHORITY\SYSTEM"	"ﾕｰｻﾞｰがﾛｸﾞｵﾝしているかどうかにかかわらず実行する"	"レ"	"□"	"Windows 10"	"ﾀｽｸの開始:(未定義)"	""	""	""	""	""	""	""	""	""	""	""	""	""	"操作:ｶｽﾀﾑ ﾊﾝﾄﾞﾗｰ 設定:ClassId:{D44377B8-1F2F-4FAA-9C8E-6C4AD2928E47}"	"レ"	"10分間"	"1時間"	"レ"	"□"	"□"	""	"□"	"□"	""	"レ"	"□"	"□"	""	""	"レ"	"10分間"	"□"	"□"	""	"新しいｲﾝｽﾀﾝｽを開始しない"
"\Microsoft\Windows\Sysmain\ResPriStaticDbSync"	"有効"	"予約済み優先度の静的データベース同期を行うメンテナンス タスク"	"NT AUTHORITY\SYSTEM"	"ﾕｰｻﾞｰがﾛｸﾞｵﾝしているかどうかにかかわらず実行する"	"レ"	"□"	"Windows 10"	"ﾀｽｸの開始:(未定義)"	""	""	""	""	""	""	""	""	""	""	""	""	""	"操作:ｶｽﾀﾑ ﾊﾝﾄﾞﾗｰ 設定:ClassId:{297EE78C-BA95-4E94-81D3-D6E7F089C7B5}"	"□"	""	""	""	""	"□"	""	"□"	"□"	""	"レ"	"□"	"□"	""	""	"レ"	"10分間"	"□"	"□"	""	"新しいｲﾝｽﾀﾝｽを開始しない"
"\Microsoft\Windows\Sysmain\WsSwapAssessmentTask"	"有効"	"ワーキング セット切り替え評価メンテナンス タスク"	"NT AUTHORITY\SYSTEM"	"ﾕｰｻﾞｰがﾛｸﾞｵﾝしているかどうかにかかわらず実行する"	"レ"	"□"	"Windows 10"	"ﾀｽｸの開始:(未定義)"	""	""	""	""	""	""	""	""	""	""	""	""	""	"操作:ﾌﾟﾛｸﾞﾗﾑの開始 設定:ﾌﾟﾛｸﾞﾗﾑ/ｽｸﾘﾌﾟﾄ:%windir%\system32\rundll32.exe 引数の追加:sysmain.dll,PfSvWsSwapAssessmentTask"	"□"	""	""	""	""	"レ"	"□"	"□"	"□"	""	"レ"	"□"	"□"	""	""	"レ"	"3日間"	"□"	"□"	""	"新しいｲﾝｽﾀﾝｽを開始しない"
"\Microsoft\Windows\SystemRestore\SR"	"有効"	"このタスクでは標準のシステム保護ポイントが作成されます。"	"NT AUTHORITY\SYSTEM"	"ﾕｰｻﾞｰがﾛｸﾞｵﾝしているかどうかにかかわらず実行する"	"□"	"□"	"Windows 10"	"ﾀｽｸの開始:(未定義)"	""	""	""	""	""	""	""	""	""	""	""	""	""	"操作:ﾌﾟﾛｸﾞﾗﾑの開始 設定:ﾌﾟﾛｸﾞﾗﾑ/ｽｸﾘﾌﾟﾄ:%windir%\system32\srtasks.exe 引数の追加:ExecuteScheduledSPPCreation"	"レ"	"10分間"	"1時間"	"レ"	"□"	"レ"	"□"	"□"	"□"	""	"レ"	"レ"	"□"	""	""	"レ"	"3日間"	"レ"	"□"	""	"新しいｲﾝｽﾀﾝｽを開始しない"
"\Microsoft\Windows\Task Manager\Interactive"	"有効"	"対話ユーザーとしてタスクを実行します。"	"NT AUTHORITY\INTERACTIVE"	"ﾕｰｻﾞｰがﾛｸﾞｵﾝしているときのみ実行する"	"□"	"レ"	"Windows 10"	"ﾀｽｸの開始:(未定義)"	""	""	""	""	""	""	""	""	""	""	""	""	""	"操作:ｶｽﾀﾑ ﾊﾝﾄﾞﾗｰ 設定:ClassId:{855FEC53-D2E4-4999-9E87-3414E9CF0FF4} Data:$(Arg0)"	"□"	""	""	""	""	"□"	""	"□"	"□"	""	"レ"	"□"	"□"	""	""	"□"	""	"レ"	"□"	""	"新しいｲﾝｽﾀﾝｽを並列で実行"
"\Microsoft\Windows\TextServicesFramework\MsCtfMonitor"	"有効"	"TextServicesFramework monitor task"	"BUILTIN\Users"	"ﾕｰｻﾞｰがﾛｸﾞｵﾝしているときのみ実行する"	"□"	"レ"	"Windows 10"	"ﾀｽｸの開始:ﾛｸﾞｵﾝ時 設定:任意のﾕｰｻﾞｰ"	"□"	""	"□"	""	""	""	"□"	""	"□"	""	"□"	""	"レ"	"操作:ｶｽﾀﾑ ﾊﾝﾄﾞﾗｰ 設定:ClassId:{01575CFE-9A55-4003-A5E1-F38D1EBDCBE1}"	"□"	""	""	""	""	"□"	""	"□"	"□"	""	"レ"	"□"	"□"	""	""	"□"	""	"レ"	"□"	""	"新しいｲﾝｽﾀﾝｽを並列で実行"
"\Microsoft\Windows\Time Synchronization\ForceSynchronizeTime"	"有効"	"このタスクでは、時刻が同期されます。"	"NT AUTHORITY\LOCAL SERVICE"	"ﾕｰｻﾞｰがﾛｸﾞｵﾝしているかどうかにかかわらず実行する"	"レ"	"□"	"Windows 10"	"ﾀｽｸの開始:ｶｽﾀﾑ ﾄﾘｶﾞｰ 設定:StateName:7510BCA32F018915"	"レ"	"1分間"	"□"	""	""	""	"□"	""	"□"	""	"□"	""	"レ"	"操作:ｶｽﾀﾑ ﾊﾝﾄﾞﾗｰ 設定:ClassId:{A31AD6C2-FF4C-43D4-8E90-7101023096F9} Data:TimeSyncTask"	"□"	""	""	""	""	"□"	""	"□"	"レ"	"任意の接続"	"レ"	"□"	"□"	""	""	"レ"	"3日間"	"レ"	"□"	""	"新しいｲﾝｽﾀﾝｽを開始しない"
"\Microsoft\Windows\Time Synchronization\SynchronizeTime"	"有効"	"ネットワーク上のクライアントとサーバーの日時の同期を維持します。このサービスを停止すると、日時の同期は行われなくなります。このサービスを無効にすると、このサービスに依存しているサービスは起動できなくなります。"	"NT AUTHORITY\LOCAL SERVICE"	"ﾕｰｻﾞｰがﾛｸﾞｵﾝしているかどうかにかかわらず実行する"	"レ"	"□"	"Windows 10"	"ﾀｽｸの開始:(未定義)"	""	""	""	""	""	""	""	""	""	""	""	""	""	"操作:ﾌﾟﾛｸﾞﾗﾑの開始 設定:ﾌﾟﾛｸﾞﾗﾑ/ｽｸﾘﾌﾟﾄ:%windir%\system32\sc.exe 引数の追加:start w32time task_started"	"□"	""	""	""	""	"レ"	"レ"	"□"	"レ"	"任意の接続"	"レ"	"レ"	"□"	""	""	"レ"	"3日間"	"レ"	"□"	""	"新しいｲﾝｽﾀﾝｽを開始しない"
"\Microsoft\Windows\Time Zone\SynchronizeTimeZone"	"有効"	"タイム ゾーン情報を更新します。このタスクを停止すると、一部のタイム ゾーンでローカル時刻が不正確になることがあります。"	"NT AUTHORITY\SYSTEM"	"ﾕｰｻﾞｰがﾛｸﾞｵﾝしているかどうかにかかわらず実行する"	"レ"	"□"	"Windows 10"	"ﾀｽｸの開始:(未定義)"	""	""	""	""	""	""	""	""	""	""	""	""	""	"操作:ﾌﾟﾛｸﾞﾗﾑの開始 設定:ﾌﾟﾛｸﾞﾗﾑ/ｽｸﾘﾌﾟﾄ:%windir%\system32\tzsync.exe"	"□"	""	""	""	""	"□"	""	"□"	"□"	""	"レ"	"□"	"□"	""	""	"レ"	"1時間"	"レ"	"□"	""	"新しいｲﾝｽﾀﾝｽを開始しない"
"\Microsoft\Windows\TPM\Tpm-HASCertRetr"	"有効"	"このタスクには正常性構成証明書が必要です。"	"NT AUTHORITY\SYSTEM"	"ﾕｰｻﾞｰがﾛｸﾞｵﾝしているかどうかにかかわらず実行する"	"□"	"□"	"Windows 10"	"ﾀｽｸの開始:ｶｽﾀﾑ ﾄﾘｶﾞｰ 設定:StateName:7508BCA3250F9541"	"□"	""	"□"	""	""	""	"□"	""	"□"	""	"□"	""	"レ"	"操作:ｶｽﾀﾑ ﾊﾝﾄﾞﾗｰ 設定:ClassId:{5014B7C8-934E-4262-9816-887FA745A6C4} Data:HASCertRetr"	"□"	""	""	""	""	"□"	""	"□"	"□"	""	"レ"	"□"	"□"	""	""	"レ"	"3日間"	"レ"	"□"	""	"新しいｲﾝｽﾀﾝｽをｷｭｰに追加"
"\Microsoft\Windows\TPM\Tpm-Maintenance"	"有効"	"このタスクは、OS に代わってバックグラウンド操作を実行することで、トラステッド プラットフォーム モジュール (TPM) をサポートします。"	"NT AUTHORITY\SYSTEM"	"ﾕｰｻﾞｰがﾛｸﾞｵﾝしているかどうかにかかわらず実行する"	"□"	"□"	"Windows 10"	"ﾀｽｸの開始:ｶｽﾀﾑ ﾄﾘｶﾞｰ 設定:StateName:7518BCA3391E8B41"	"□"	""	"□"	""	""	""	"□"	""	"□"	""	"□"	""	"レ"	"操作:ｶｽﾀﾑ ﾊﾝﾄﾞﾗｰ 設定:ClassId:{5014B7C8-934E-4262-9816-887FA745A6C4} Data:TpmTasks"	"□"	""	""	""	""	"□"	""	"□"	"□"	""	"レ"	"□"	"□"	""	""	"レ"	"3日間"	"レ"	"□"	""	"新しいｲﾝｽﾀﾝｽをｷｭｰに追加"
""	""	""	""	""	""	""	""	"ﾀｽｸの開始:ｶｽﾀﾑ ﾄﾘｶﾞｰ 設定:StateName:7560BCA322028F02"	"□"	""	"□"	""	""	""	"□"	""	"□"	""	"□"	""	"レ"	""	""	""	""	""	""	""	""	""	""	""	""	""	""	""	""	""	""	""	""	""	""
""	""	""	""	""	""	""	""	"ﾀｽｸの開始:ｶｽﾀﾑ ﾄﾘｶﾞｰ 設定:StateName:7510BCA3391E8B41"	"□"	""	"□"	""	""	""	"□"	""	"□"	""	"□"	""	"レ"	""	""	""	""	""	""	""	""	""	""	""	""	""	""	""	""	""	""	""	""	""	""
"\Microsoft\Windows\UpdateOrchestrator\Combined Scan Download Install"	"無効"	""	"NT AUTHORITY\SYSTEM"	"ﾕｰｻﾞｰがﾛｸﾞｵﾝしているかどうかにかかわらず実行する"	"□"	"□"	"Windows 10"	"ﾀｽｸの開始:(未定義)"	""	""	""	""	""	""	""	""	""	""	""	""	""	"操作:ﾌﾟﾛｸﾞﾗﾑの開始 設定:ﾌﾟﾛｸﾞﾗﾑ/ｽｸﾘﾌﾟﾄ:%systemroot%\system32\usoclient.exe 引数の追加:ScanInstallWait"	"□"	""	""	""	""	"□"	""	"レ"	"□"	""	"レ"	"レ"	"□"	""	""	"レ"	"3日間"	"レ"	"□"	""	"新しいｲﾝｽﾀﾝｽを開始しない"
"\Microsoft\Windows\UpdateOrchestrator\Maintenance Install"	"無効"	""	"NT AUTHORITY\SYSTEM"	"ﾕｰｻﾞｰがﾛｸﾞｵﾝしているかどうかにかかわらず実行する"	"□"	"□"	"Windows 10"	"ﾀｽｸの開始:(未定義)"	""	""	""	""	""	""	""	""	""	""	""	""	""	"操作:ﾌﾟﾛｸﾞﾗﾑの開始 設定:ﾌﾟﾛｸﾞﾗﾑ/ｽｸﾘﾌﾟﾄ:%systemroot%\system32\usoclient.exe 引数の追加:StartInstall"	"□"	""	""	""	""	"□"	""	"□"	"□"	""	"レ"	"レ"	"□"	""	""	"レ"	"3日間"	"レ"	"□"	""	"新しいｲﾝｽﾀﾝｽを開始しない"
"\Microsoft\Windows\UpdateOrchestrator\Policy Install"	"無効"	""	"NT AUTHORITY\SYSTEM"	"ﾕｰｻﾞｰがﾛｸﾞｵﾝしているかどうかにかかわらず実行する"	"□"	"□"	"Windows Vista, Windows Server 2008"	"ﾀｽｸの開始:ｽｹｼﾞｭｰﾙに従う 設定:1回"	"□"	""	"□"	""	""	""	"□"	""	"レ"	"2017-07-15 19:04:14+09:00"	"□"	""	"レ"	"操作:ﾌﾟﾛｸﾞﾗﾑの開始 設定:ﾌﾟﾛｸﾞﾗﾑ/ｽｸﾘﾌﾟﾄ:%systemroot%\system32\usoclient.exe 引数の追加:StartInstall"	"□"	""	""	""	""	"□"	""	"レ"	"□"	""	"レ"	"レ"	"□"	""	""	"レ"	"3日間"	"レ"	"□"	""	"新しいｲﾝｽﾀﾝｽを開始しない"
"\Microsoft\Windows\UpdateOrchestrator\Reboot"	"無効"	""	"NT AUTHORITY\SYSTEM"	"ﾕｰｻﾞｰがﾛｸﾞｵﾝしているかどうかにかかわらず実行する"	"□"	"□"	"Windows Vista, Windows Server 2008"	"ﾀｽｸの開始:ｽｹｼﾞｭｰﾙに従う 設定:1回"	"□"	""	"□"	""	""	""	"□"	""	"レ"	"2017-07-15 22:46:33+09:00"	"□"	""	"レ"	"操作:ﾌﾟﾛｸﾞﾗﾑの開始 設定:ﾌﾟﾛｸﾞﾗﾑ/ｽｸﾘﾌﾟﾄ:%systemroot%\system32\MusNotification.exe 引数の追加:RebootDialog"	"□"	""	""	""	""	"レ"	"□"	"レ"	"□"	""	"レ"	"レ"	"レ"	"10分間"	"3"	"レ"	"3日間"	"レ"	"□"	""	"新しいｲﾝｽﾀﾝｽを開始しない"
"\Microsoft\Windows\UpdateOrchestrator\Refresh Settings"	"有効"	"このタスクは Windows Update の設定をダウンロードします。"	"NT AUTHORITY\SYSTEM"	"ﾕｰｻﾞｰがﾛｸﾞｵﾝしているかどうかにかかわらず実行する"	"□"	"□"	"Windows 10"	"ﾀｽｸの開始:ｽｹｼﾞｭｰﾙに従う 設定:1回"	"レ"	"4時間"	"レ"	"22時間"	"無期限"	"□"	"□"	""	"レ"	"2000-01-01 03:00:00"	"□"	""	"レ"	"操作:ﾌﾟﾛｸﾞﾗﾑの開始 設定:ﾌﾟﾛｸﾞﾗﾑ/ｽｸﾘﾌﾟﾄ:%systemroot%\system32\usoclient.exe 引数の追加:RefreshSettings"	"レ"	"10分間"	"1時間"	"□"	""	"レ"	"□"	"□"	"レ"	"任意の接続"	"レ"	"レ"	"□"	""	""	"レ"	"3日間"	"レ"	"□"	""	"新しいｲﾝｽﾀﾝｽを開始しない"
"\Microsoft\Windows\UpdateOrchestrator\Resume On Boot"	"無効"	""	"NT AUTHORITY\SYSTEM"	"ﾕｰｻﾞｰがﾛｸﾞｵﾝしているかどうかにかかわらず実行する"	"□"	"□"	"Windows Vista, Windows Server 2008"	"ﾀｽｸの開始:ｽﾀｰﾄｱｯﾌﾟ時 設定:(なし)"	"レ"	"5分間"	"□"	""	""	""	"□"	""	"□"	""	"□"	""	"レ"	"操作:ﾌﾟﾛｸﾞﾗﾑの開始 設定:ﾌﾟﾛｸﾞﾗﾑ/ｽｸﾘﾌﾟﾄ:%systemroot%\system32\usoclient.exe 引数の追加:ResumeUpdate"	"□"	""	""	""	""	"□"	""	"□"	"□"	""	"レ"	"レ"	"□"	""	""	"レ"	"3日間"	"レ"	"□"	""	"新しいｲﾝｽﾀﾝｽを開始しない"
"\Microsoft\Windows\UpdateOrchestrator\Schedule Scan"	"有効"	"このタスクは、スケジュールされた Windows Update スキャンを実行します。"	"NT AUTHORITY\SYSTEM"	"ﾕｰｻﾞｰがﾛｸﾞｵﾝしているかどうかにかかわらず実行する"	"□"	"□"	"Windows 10"	"ﾀｽｸの開始:ｽｹｼﾞｭｰﾙに従う 設定:1回"	"レ"	"4時間"	"レ"	"22時間"	"無期限"	"□"	"□"	""	"レ"	"2017-07-15 20:24:19+09:00"	"□"	""	"レ"	"操作:ﾌﾟﾛｸﾞﾗﾑの開始 設定:ﾌﾟﾛｸﾞﾗﾑ/ｽｸﾘﾌﾟﾄ:%systemroot%\system32\usoclient.exe 引数の追加:StartScan"	"□"	""	""	""	""	"□"	""	"□"	"レ"	"任意の接続"	"□"	"レ"	"□"	""	""	"レ"	"3日間"	"レ"	"□"	""	"新しいｲﾝｽﾀﾝｽを開始しない"
""	""	""	""	""	""	""	""	"ﾀｽｸの開始:ｶｽﾀﾑ ﾄﾘｶﾞｰ 設定:StateName:7524BCA33E06830D"	"レ"	"2時間"	"□"	""	""	""	"□"	""	"□"	""	"□"	""	"レ"	""	""	""	""	""	""	""	""	""	""	""	""	""	""	""	""	""	""	""	""	""	""
""	""	""	""	""	""	""	""	"ﾀｽｸの開始:ｲﾍﾞﾝﾄ時 設定:ｲﾍﾞﾝﾄﾌｨﾙﾀｰ:<QueryList><Query Id=""0"" Path=""System""><Select Path=""System"">*[System[EventID=8202]]</Select></Query></QueryList>"	"□"	""	"□"	""	""	""	"□"	""	"□"	""	"□"	""	"レ"	""	""	""	""	""	""	""	""	""	""	""	""	""	""	""	""	""	""	""	""	""	""
"\Microsoft\Windows\UpdateOrchestrator\USO_UxBroker_Display"	"有効"	""	"NT AUTHORITY\SYSTEM"	"ﾕｰｻﾞｰがﾛｸﾞｵﾝしているかどうかにかかわらず実行する"	"□"	"□"	"Windows 10"	"ﾀｽｸの開始:ｶｽﾀﾑ ﾄﾘｶﾞｰ 設定:StateName:7510BCA3381D8941"	"□"	""	"□"	""	""	""	"□"	""	"□"	""	"□"	""	"レ"	"操作:ﾌﾟﾛｸﾞﾗﾑの開始 設定:ﾌﾟﾛｸﾞﾗﾑ/ｽｸﾘﾌﾟﾄ:%systemroot%\system32\MusNotification.exe 引数の追加:Display"	"□"	""	""	""	""	"□"	""	"□"	"□"	""	"レ"	"□"	"□"	""	""	"レ"	"3日間"	"レ"	"□"	""	"新しいｲﾝｽﾀﾝｽを開始しない"
"\Microsoft\Windows\UpdateOrchestrator\USO_UxBroker_ReadyToReboot"	"有効"	""	"NT AUTHORITY\SYSTEM"	"ﾕｰｻﾞｰがﾛｸﾞｵﾝしているかどうかにかかわらず実行する"	"□"	"□"	"Windows 10"	"ﾀｽｸの開始:ｶｽﾀﾑ ﾄﾘｶﾞｰ 設定:StateName:7520BCA3381D8941"	"□"	""	"□"	""	""	""	"□"	""	"□"	""	"□"	""	"レ"	"操作:ﾌﾟﾛｸﾞﾗﾑの開始 設定:ﾌﾟﾛｸﾞﾗﾑ/ｽｸﾘﾌﾟﾄ:%systemroot%\system32\MusNotification.exe 引数の追加:ReadyToReboot"	"□"	""	""	""	""	"レ"	"レ"	"□"	"□"	""	"レ"	"□"	"□"	""	""	"レ"	"3日間"	"レ"	"□"	""	"新しいｲﾝｽﾀﾝｽを開始しない"
"\Microsoft\Windows\UPnP\UPnPHostConfig"	"有効"	"UPnPHost サービスを自動開始に設定"	"NT AUTHORITY\SYSTEM"	"ﾕｰｻﾞｰがﾛｸﾞｵﾝしているかどうかにかかわらず実行する"	"□"	"□"	"Windows 10"	"ﾀｽｸの開始:(未定義)"	""	""	""	""	""	""	""	""	""	""	""	""	""	"操作:ﾌﾟﾛｸﾞﾗﾑの開始 設定:ﾌﾟﾛｸﾞﾗﾑ/ｽｸﾘﾌﾟﾄ:sc.exe 引数の追加:config upnphost start= auto"	"□"	""	""	""	""	"□"	""	"□"	"□"	""	"レ"	"□"	"□"	""	""	"レ"	"3日間"	"レ"	"□"	""	"新しいｲﾝｽﾀﾝｽを開始しない"
"\Microsoft\Windows\User Profile Service\HiveUploadTask"	"無効"	"このタスクでは、移動ユーザー プロファイルのレジストリ ハイブがネットワークの場所に自動的にアップロードされます。"	"NT AUTHORITY\SYSTEM"	"ﾕｰｻﾞｰがﾛｸﾞｵﾝしているかどうかにかかわらず実行する"	"□"	"□"	"Windows 10"	"ﾀｽｸの開始:ｽｹｼﾞｭｰﾙに従う 設定:1回"	"レ"	"1時間"	"レ"	"12時間"	"無期限"	"□"	"□"	""	"レ"	"2007-08-28 00:00:00"	"□"	""	"レ"	"操作:ｶｽﾀﾑ ﾊﾝﾄﾞﾗｰ 設定:ClassId:{BA677074-762C-444B-94C8-8C83F93F6605}"	"レ"	"10分間"	"2時間"	"□"	""	"□"	""	"□"	"レ"	"任意の接続"	"レ"	"レ"	"レ"	"2分間"	"3"	"レ"	"3日間"	"レ"	"□"	""	"新しいｲﾝｽﾀﾝｽを開始しない"
"\Microsoft\Windows\WCM\WiFiTask"	"有効"	"ユーザーと Web の対話ごとに実行されるバックグラウンド タスク"	"NT AUTHORITY\INTERACTIVE"	"ﾕｰｻﾞｰがﾛｸﾞｵﾝしているときのみ実行する"	"□"	"レ"	"Windows 10"	"ﾀｽｸの開始:ｶｽﾀﾑ ﾄﾘｶﾞｰ 設定:StateName:7578BCA33A078008"	"□"	""	"□"	""	""	""	"□"	""	"□"	""	"□"	""	"レ"	"操作:ﾌﾟﾛｸﾞﾗﾑの開始 設定:ﾌﾟﾛｸﾞﾗﾑ/ｽｸﾘﾌﾟﾄ:%SystemRoot%\System32\WiFiTask.exe"	"□"	""	""	""	""	"□"	""	"□"	"□"	""	"□"	"□"	"□"	""	""	"レ"	"10分間"	"レ"	"□"	""	"新しいｲﾝｽﾀﾝｽをｷｭｰに追加"
"\Microsoft\Windows\WDI\ResolutionHost"	"有効"	"Windows 診断インフラストラクチャ解決のホストは、診断ポリシー サービスによって検出されたシステムの問題を対話的に解決できるようにします。Windows 診断インフラストラクチャ解決のホストは、必要に応じて適切なユーザー セッションで、診断ポリシー サービスによってトリガーされます。診断ポリシー サービスが実行中でない場合、タスクは実行されません"	"NT AUTHORITY\INTERACTIVE"	"ﾕｰｻﾞｰがﾛｸﾞｵﾝしているときのみ実行する"	"レ"	"レ"	"Windows 10"	"ﾀｽｸの開始:(未定義)"	""	""	""	""	""	""	""	""	""	""	""	""	""	"操作:ｶｽﾀﾑ ﾊﾝﾄﾞﾗｰ 設定:ClassId:{900BE39D-6BE8-461A-BC4D-B0FA71F5ECB1}"	"□"	""	""	""	""	"□"	""	"□"	"□"	""	"レ"	"□"	"□"	""	""	"□"	""	"レ"	"□"	""	"新しいｲﾝｽﾀﾝｽを並列で実行"
"\Microsoft\Windows\Windows Defender\Windows Defender Cache Maintenance"	"有効"	"定期的なメンテナンス タスクです。"	"NT AUTHORITY\SYSTEM"	"ﾕｰｻﾞｰがﾛｸﾞｵﾝしているかどうかにかかわらず実行する"	"レ"	"□"	"Windows 10"	"ﾀｽｸの開始:(未定義)"	""	""	""	""	""	""	""	""	""	""	""	""	""	"操作:ﾌﾟﾛｸﾞﾗﾑの開始 設定:ﾌﾟﾛｸﾞﾗﾑ/ｽｸﾘﾌﾟﾄ:C:\Program Files\Windows Defender\MpCmdRun.exe 引数の追加:-IdleTask -TaskName WdCacheMaintenance"	"□"	""	""	""	""	"レ"	"□"	"□"	"□"	""	"レ"	"レ"	"□"	""	""	"レ"	"3日間"	"レ"	"□"	""	"新しいｲﾝｽﾀﾝｽを開始しない"
"\Microsoft\Windows\Windows Defender\Windows Defender Cleanup"	"有効"	"定期的なクリーンアップ タスクです。"	"NT AUTHORITY\SYSTEM"	"ﾕｰｻﾞｰがﾛｸﾞｵﾝしているかどうかにかかわらず実行する"	"レ"	"□"	"Windows 10"	"ﾀｽｸの開始:(未定義)"	""	""	""	""	""	""	""	""	""	""	""	""	""	"操作:ﾌﾟﾛｸﾞﾗﾑの開始 設定:ﾌﾟﾛｸﾞﾗﾑ/ｽｸﾘﾌﾟﾄ:C:\Program Files\Windows Defender\MpCmdRun.exe 引数の追加:-IdleTask -TaskName WdCleanup"	"□"	""	""	""	""	"レ"	"□"	"□"	"□"	""	"レ"	"レ"	"□"	""	""	"レ"	"3日間"	"レ"	"□"	""	"新しいｲﾝｽﾀﾝｽを開始しない"
"\Microsoft\Windows\Windows Defender\Windows Defender Scheduled Scan"	"有効"	"定期的なスキャン タスクです。"	"NT AUTHORITY\SYSTEM"	"ﾕｰｻﾞｰがﾛｸﾞｵﾝしているかどうかにかかわらず実行する"	"レ"	"□"	"Windows 10"	"ﾀｽｸの開始:(未定義)"	""	""	""	""	""	""	""	""	""	""	""	""	""	"操作:ﾌﾟﾛｸﾞﾗﾑの開始 設定:ﾌﾟﾛｸﾞﾗﾑ/ｽｸﾘﾌﾟﾄ:C:\Program Files\Windows Defender\MpCmdRun.exe 引数の追加:Scan -ScheduleJob -ScanTrigger 55"	"□"	""	""	""	""	"レ"	"□"	"□"	"□"	""	"レ"	"レ"	"□"	""	""	"レ"	"3日間"	"レ"	"□"	""	"新しいｲﾝｽﾀﾝｽを開始しない"
"\Microsoft\Windows\Windows Defender\Windows Defender Verification"	"有効"	"定期的な検証タスクです。"	"NT AUTHORITY\SYSTEM"	"ﾕｰｻﾞｰがﾛｸﾞｵﾝしているかどうかにかかわらず実行する"	"レ"	"□"	"Windows 10"	"ﾀｽｸの開始:(未定義)"	""	""	""	""	""	""	""	""	""	""	""	""	""	"操作:ﾌﾟﾛｸﾞﾗﾑの開始 設定:ﾌﾟﾛｸﾞﾗﾑ/ｽｸﾘﾌﾟﾄ:C:\Program Files\Windows Defender\MpCmdRun.exe 引数の追加:-IdleTask -TaskName WdVerification"	"□"	""	""	""	""	"レ"	"□"	"□"	"□"	""	"レ"	"レ"	"□"	""	""	"レ"	"3日間"	"レ"	"□"	""	"新しいｲﾝｽﾀﾝｽを開始しない"
"\Microsoft\Windows\Windows Error Reporting\QueueReporting"	"有効"	"キューに登録されたレポートは、Windows エラー報告タスクにより処理されます。"	"NT AUTHORITY\SYSTEM"	"ﾕｰｻﾞｰがﾛｸﾞｵﾝしているかどうかにかかわらず実行する"	"レ"	"□"	"Windows 10"	"ﾀｽｸの開始:ｽﾀｰﾄｱｯﾌﾟ時 設定:(なし)"	"レ"	"3分間"	"□"	""	""	""	"□"	""	"□"	""	"□"	""	"レ"	"操作:ﾌﾟﾛｸﾞﾗﾑの開始 設定:ﾌﾟﾛｸﾞﾗﾑ/ｽｸﾘﾌﾟﾄ:%windir%\system32\wermgr.exe 引数の追加:-upload"	"□"	""	""	""	""	"□"	""	"□"	"レ"	"任意の接続"	"レ"	"レ"	"□"	""	""	"レ"	"4時間"	"レ"	"□"	""	"新しいｲﾝｽﾀﾝｽを開始しない"
""	""	""	""	""	""	""	""	"ﾀｽｸの開始:ｶｽﾀﾑ ﾄﾘｶﾞｰ 設定:StateName:7510BCA33A0B9441"	"□"	""	"□"	""	""	""	"□"	""	"□"	""	"□"	""	"レ"	""	""	""	""	""	""	""	""	""	""	""	""	""	""	""	""	""	""	""	""	""	""
""	""	""	""	""	""	""	""	"ﾀｽｸの開始:ｽｹｼﾞｭｰﾙに従う 設定:1回"	"レ"	"4時間"	"レ"	"4時間"	"無期限"	"□"	"□"	""	"レ"	"2015-01-01 09:00:00+09:00"	"□"	""	"レ"	""	""	""	""	""	""	""	""	""	""	""	""	""	""	""	""	""	""	""	""	""	""
"\Microsoft\Windows\Windows Filtering Platform\BfeOnServiceStartTypeChange"	"有効"	"ベース フィルター エンジン (BFE) の開始の種類が無効にされると、このタスクでファイアウォールトリガー サービスの開始の種類が調整されます。"	"NT AUTHORITY\SYSTEM"	"ﾕｰｻﾞｰがﾛｸﾞｵﾝしているかどうかにかかわらず実行する"	"□"	"レ"	"Windows 10"	"ﾀｽｸの開始:ｲﾍﾞﾝﾄ時 設定:ｲﾍﾞﾝﾄﾌｨﾙﾀｰ:<QueryList><Query Id=""0"" Path=""System""><Select Path=""System"">*/System/Provider[@Name='Service Control Manager'] and */System/EventID='7040' and */EventData/Data[@Name='param4']='BFE'</Select></Query></QueryList>"	"□"	""	"□"	""	""	""	"□"	""	"□"	""	"□"	""	"レ"	"操作:ﾌﾟﾛｸﾞﾗﾑの開始 設定:ﾌﾟﾛｸﾞﾗﾑ/ｽｸﾘﾌﾟﾄ:%windir%\system32\rundll32.exe 引数の追加:bfe.dll,BfeOnServiceStartTypeChange"	"□"	""	""	""	""	"□"	""	"□"	"□"	""	"□"	"□"	"□"	""	""	"レ"	"3日間"	"□"	"□"	""	"新しいｲﾝｽﾀﾝｽをｷｭｰに追加"
"\Microsoft\Windows\Windows Media Sharing\UpdateLibrary"	"有効"	"このタスクによって、キャッシュされたフォルダーの一覧、およびユーザーの共有メディア ライブラリに含まれる新しいファイルに対するセキュリティ アクセス許可が更新されます。"	"NT AUTHORITY\Authenticated Users"	"ﾕｰｻﾞｰがﾛｸﾞｵﾝしているときのみ実行する"	"□"	"□"	"Windows 10"	"ﾀｽｸの開始:ｲﾍﾞﾝﾄ時 設定:ｲﾍﾞﾝﾄﾌｨﾙﾀｰ:<QueryList>              <Query                  Id=""0""                  Path=""System""                  >                <Select Path=""System"">*[System[Provider[@Name='Microsoft-Windows-WMPNSS-Service'] and (EventID=14210)]]</Select>              </Query>            </QueryList>"	"□"	""	"□"	""	""	""	"□"	""	"□"	""	"□"	""	"レ"	"操作:ﾌﾟﾛｸﾞﾗﾑの開始 設定:ﾌﾟﾛｸﾞﾗﾑ/ｽｸﾘﾌﾟﾄ:""%ProgramFiles%\Windows Media Player\wmpnscfg.exe"""	"□"	""	""	""	""	"□"	""	"□"	"□"	""	"レ"	"レ"	"□"	""	""	"レ"	"3日間"	"レ"	"□"	""	"新しいｲﾝｽﾀﾝｽを並列で実行"
"\Microsoft\Windows\WindowsColorSystem\Calibration Loader"	"無効"	"このタスクは色調整の設定を適用します。"	"BUILTIN\Users"	"ﾕｰｻﾞｰがﾛｸﾞｵﾝしているときのみ実行する"	"□"	"□"	"Windows 10"	"ﾀｽｸの開始:ﾛｸﾞｵﾝ時 設定:任意のﾕｰｻﾞｰ"	"□"	""	"□"	""	""	""	"□"	""	"□"	""	"□"	""	"レ"	"操作:ｶｽﾀﾑ ﾊﾝﾄﾞﾗｰ 設定:ClassId:{B210D694-C8DF-490D-9576-9E20CDBC20BD}"	"□"	""	""	""	""	"□"	""	"□"	"□"	""	"レ"	"□"	"□"	""	""	"□"	""	"□"	"□"	""	"新しいｲﾝｽﾀﾝｽをｷｭｰに追加"
""	""	""	""	""	""	""	""	"ﾀｽｸの開始:ﾕｰｻﾞｰ ｾｯｼｮﾝへの接続時 設定:任意のﾕｰｻﾞｰ ～からの接続:ﾛｰｶﾙ ｺﾝﾋﾟｭｰﾀ"	"□"	""	"□"	""	""	""	"□"	""	"□"	""	"□"	""	"レ"	""	""	""	""	""	""	""	""	""	""	""	""	""	""	""	""	""	""	""	""	""	""
"\Microsoft\Windows\WindowsUpdate\Automatic App Update"	"有効"	"ユーザーの Windows ストア アプリケーションを自動的に更新します。"	"NT AUTHORITY\INTERACTIVE"	"ﾕｰｻﾞｰがﾛｸﾞｵﾝしているときのみ実行する"	"□"	"□"	"Windows 10"	"ﾀｽｸの開始:ｽｹｼﾞｭｰﾙに従う 設定:1回"	"レ"	"4時間"	"レ"	"4時間"	"無期限"	"□"	"□"	""	"レ"	"2014-01-01 09:00:00+09:00"	"□"	""	"レ"	"操作:ｶｽﾀﾑ ﾊﾝﾄﾞﾗｰ 設定:ClassId:{A6BA00FE-40E8-477C-B713-C64A14F18ADB}"	"□"	""	""	""	""	"□"	""	"□"	"レ"	"任意の接続"	"レ"	"レ"	"□"	""	""	"レ"	"4時間"	"レ"	"□"	""	"新しいｲﾝｽﾀﾝｽを並列で実行"
""	""	""	""	""	""	""	""	"ﾀｽｸの開始:ﾛｸﾞｵﾝ時 設定:任意のﾕｰｻﾞｰ"	"レ"	"5分間"	"□"	""	""	""	"□"	""	"□"	""	"□"	""	"レ"	""	""	""	""	""	""	""	""	""	""	""	""	""	""	""	""	""	""	""	""	""	""
"\Microsoft\Windows\WindowsUpdate\Scheduled Start"	"有効"	"このタスクは、スキャンなどのスケジュールした操作を実行する必要がある場合に、Windows Update サービスを開始するために使用されます。"	"NT AUTHORITY\SYSTEM"	"ﾕｰｻﾞｰがﾛｸﾞｵﾝしているかどうかにかかわらず実行する"	"□"	"□"	"Windows 10"	"ﾀｽｸの開始:ｽｹｼﾞｭｰﾙに従う 設定:1回"	"レ"	"1分間"	"□"	""	""	""	"□"	""	"レ"	"2017-07-16 19:01:05+09:00"	"□"	""	"レ"	"操作:ﾌﾟﾛｸﾞﾗﾑの開始 設定:ﾌﾟﾛｸﾞﾗﾑ/ｽｸﾘﾌﾟﾄ:C:\Windows\system32\sc.exe 引数の追加:start wuauserv"	"□"	""	""	""	""	"□"	""	"□"	"□"	""	"□"	"レ"	"□"	""	""	"レ"	"3日間"	"レ"	"□"	""	"新しいｲﾝｽﾀﾝｽを開始しない"
""	""	""	""	""	""	""	""	"ﾀｽｸの開始:ﾕｰｻﾞｰ ｾｯｼｮﾝからの切断時 設定:任意のﾕｰｻﾞｰ ～からの接続:ﾛｰｶﾙ ｺﾝﾋﾟｭｰﾀ"	"□"	""	"□"	""	""	""	"□"	""	"□"	""	"□"	""	"□"	""	""	""	""	""	""	""	""	""	""	""	""	""	""	""	""	""	""	""	""	""	""
""	""	""	""	""	""	""	""	"ﾀｽｸの開始:ﾕｰｻﾞｰ ｾｯｼｮﾝからの切断時 設定:任意のﾕｰｻﾞｰ ～からの接続:ﾘﾓｰﾄ ｺﾝﾋﾟｭｰﾀ"	"□"	""	"□"	""	""	""	"□"	""	"□"	""	"□"	""	"□"	""	""	""	""	""	""	""	""	""	""	""	""	""	""	""	""	""	""	""	""	""	""
""	""	""	""	""	""	""	""	"ﾀｽｸの開始:ｶｽﾀﾑ ﾄﾘｶﾞｰ 設定:StateName:7508BCA3380C960C"	"□"	""	"□"	""	""	""	"□"	""	"□"	""	"□"	""	"□"	""	""	""	""	""	""	""	""	""	""	""	""	""	""	""	""	""	""	""	""	""	""
"\Microsoft\Windows\WindowsUpdate\sih"	"有効"	"この毎日のタスクは、コンピューターにインストールされている Windows や Microsoft ソフトウェアの自動更新に不可欠なシステム コンポーネントを検出して修正するために、SIH クライアント (サーバーで開始された復旧) を起動します。このタスクは、オンライン接続、復旧操作の適用性の評価、アクションを実行するために必要なペイロードのダウンロードを行い、復旧操作を実行できます。"	"NT AUTHORITY\SYSTEM"	"ﾕｰｻﾞｰがﾛｸﾞｵﾝしているかどうかにかかわらず実行する"	"□"	"レ"	"Windows 10"	"ﾀｽｸの開始:ｽｹｼﾞｭｰﾙに従う 設定:1回"	"レ"	"4時間"	"レ"	"20時間"	"無期限"	"□"	"□"	""	"レ"	"2014-01-01 09:00:00+09:00"	"□"	""	"レ"	"操作:ﾌﾟﾛｸﾞﾗﾑの開始 設定:ﾌﾟﾛｸﾞﾗﾑ/ｽｸﾘﾌﾟﾄ:%systemroot%\System32\sihclient.exe"	"□"	""	""	""	""	"□"	""	"□"	"□"	""	"レ"	"レ"	"□"	""	""	"レ"	"3日間"	"□"	"□"	""	"新しいｲﾝｽﾀﾝｽを開始しない"
"\Microsoft\Windows\WindowsUpdate\sihboot"	"有効"	"このブート タスクは、コンピューターにインストールされている Windows や Microsoft ソフトウェアの自動更新に不可欠なシステム コンポーネントを修正するために、SIH クライアントを起動して復旧操作の実行を完了します。このタスクは、適用可能な復旧操作の実行を毎日の SIH クライアント タスクで完了できなかった場合にのみ有効になります。このブート タスクがオンラインになることはなく、復旧操作の適用性は評価されません。"	"NT AUTHORITY\SYSTEM"	"ﾕｰｻﾞｰがﾛｸﾞｵﾝしているかどうかにかかわらず実行する"	"□"	"レ"	"Windows 10"	"ﾀｽｸの開始:ｽﾀｰﾄｱｯﾌﾟ時 設定:(なし)"	"□"	""	"□"	""	""	""	"□"	""	"□"	""	"□"	""	"□"	"操作:ﾌﾟﾛｸﾞﾗﾑの開始 設定:ﾌﾟﾛｸﾞﾗﾑ/ｽｸﾘﾌﾟﾄ:%systemroot%\System32\sihclient.exe 引数の追加:/boot"	"□"	""	""	""	""	"□"	""	"□"	"□"	""	"レ"	"レ"	"□"	""	""	"レ"	"2分間"	"□"	"□"	""	"新しいｲﾝｽﾀﾝｽを開始しない"
"\Microsoft\Windows\Wininet\CacheTask"	"有効"	"Wininet キャッシュ タスク"	"BUILTIN\Users"	"ﾕｰｻﾞｰがﾛｸﾞｵﾝしているときのみ実行する"	"□"	"□"	"Windows 10"	"ﾀｽｸの開始:ﾛｸﾞｵﾝ時 設定:任意のﾕｰｻﾞｰ"	"□"	""	"□"	""	""	""	"□"	""	"□"	""	"□"	""	"レ"	"操作:ｶｽﾀﾑ ﾊﾝﾄﾞﾗｰ 設定:ClassId:{0358B920-0AC7-461F-98F4-58E32CD89148}"	"□"	""	""	""	""	"□"	""	"□"	"□"	""	"レ"	"□"	"□"	""	""	"□"	""	"レ"	"□"	""	"新しいｲﾝｽﾀﾝｽを並列で実行"
"\Microsoft\Windows\WOF\WIM-Hash-Management"	"有効"	"このタスクは、OS に代わってバックグラウンド操作を実行することで、WIM ブートをサポートします。"	"NT AUTHORITY\SYSTEM"	"ﾕｰｻﾞｰがﾛｸﾞｵﾝしているかどうかにかかわらず実行する"	"□"	"□"	"Windows 10"	"ﾀｽｸの開始:ｶｽﾀﾑ ﾄﾘｶﾞｰ 設定:StateName:7518BCA32B188341"	"□"	""	"□"	""	""	""	"□"	""	"□"	""	"□"	""	"レ"	"操作:ｶｽﾀﾑ ﾊﾝﾄﾞﾗｰ 設定:ClassId:{B7BFFB5A-EFA8-4D8C-BBDE-C8D5FAAF54A1} Data:WimHashManagement"	"□"	""	""	""	""	"レ"	"レ"	"□"	"□"	""	"レ"	"□"	"□"	""	""	"レ"	"3日間"	"レ"	"□"	""	"新しいｲﾝｽﾀﾝｽをｷｭｰに追加"
""	""	""	""	""	""	""	""	"ﾀｽｸの開始:ｶｽﾀﾑ ﾄﾘｶﾞｰ 設定:StateName:7528BCA32B188341"	"□"	""	"□"	""	""	""	"□"	""	"□"	""	"□"	""	"レ"	""	""	""	""	""	""	""	""	""	""	""	""	""	""	""	""	""	""	""	""	""	""
"\Microsoft\Windows\WOF\WIM-Hash-Validation"	"有効"	"このタスクは、OS に代わってバックグラウンド操作を実行することで、WIM ブートをサポートします。"	"NT AUTHORITY\SYSTEM"	"ﾕｰｻﾞｰがﾛｸﾞｵﾝしているかどうかにかかわらず実行する"	"□"	"□"	"Windows 10"	"ﾀｽｸの開始:(未定義)"	""	""	""	""	""	""	""	""	""	""	""	""	""	"操作:ｶｽﾀﾑ ﾊﾝﾄﾞﾗｰ 設定:ClassId:{B7BFFB5A-EFA8-4D8C-BBDE-C8D5FAAF54A1} Data:WimHashValidation"	"□"	""	""	""	""	"レ"	"レ"	"□"	"□"	""	"レ"	"レ"	"□"	""	""	"レ"	"3日間"	"レ"	"□"	""	"新しいｲﾝｽﾀﾝｽを開始しない"
"\Microsoft\Windows\Work Folders\Work Folders Logon Synchronization"	"有効"	"このタスクは、ユーザーがシステムにログオンするときにワーク フォルダー パートナーシップの同期を開始します。"	"NT AUTHORITY\INTERACTIVE"	"ﾕｰｻﾞｰがﾛｸﾞｵﾝしているときのみ実行する"	"□"	"□"	"Windows 10"	"ﾀｽｸの開始:ﾛｸﾞｵﾝ時 設定:任意のﾕｰｻﾞｰ"	"レ"	"5分間"	"□"	""	""	""	"□"	""	"□"	""	"□"	""	"レ"	"操作:ｶｽﾀﾑ ﾊﾝﾄﾞﾗｰ 設定:ClassId:{97D47D56-3777-49FB-8E8F-90D7E30E1A1E} Data:Logon"	"□"	""	""	""	""	"□"	""	"□"	"□"	""	"レ"	"□"	"□"	""	""	"レ"	"1日間"	"レ"	"□"	""	"新しいｲﾝｽﾀﾝｽを開始しない"
"\Microsoft\Windows\Work Folders\Work Folders Maintenance Work"	"有効"	"このタスクは、ワーク フォルダー パートナーシップのデータ同期のパフォーマンスを良好な状態に維持するために必要なメンテナンス作業を開始します。"	"NT AUTHORITY\INTERACTIVE"	"ﾕｰｻﾞｰがﾛｸﾞｵﾝしているときのみ実行する"	"□"	"□"	"Windows 10"	"ﾀｽｸの開始:ﾛｸﾞｵﾝ時 設定:任意のﾕｰｻﾞｰ"	"レ"	"30分間"	"□"	""	""	""	"□"	""	"□"	""	"□"	""	"レ"	"操作:ｶｽﾀﾑ ﾊﾝﾄﾞﾗｰ 設定:ClassId:{63260BCE-A3FB-4A34-AA51-D4D8E877B62B}"	"□"	""	""	""	""	"レ"	"レ"	"□"	"□"	""	"レ"	"レ"	"□"	""	""	"レ"	"1日間"	"レ"	"□"	""	"新しいｲﾝｽﾀﾝｽを開始しない"
"\Microsoft\Windows\Workplace Join\Automatic-Device-Join"	"無効"	"コンピューターが既に Active Directory ドメインに参加している場合に、このコンピューターを登録します。"	"NT AUTHORITY\SYSTEM"	"ﾕｰｻﾞｰがﾛｸﾞｵﾝしているかどうかにかかわらず実行する"	"レ"	"□"	"Windows 10"	"ﾀｽｸの開始:ﾛｸﾞｵﾝ時 設定:任意のﾕｰｻﾞｰ"	"レ"	"1分間"	"□"	""	""	""	"□"	""	"□"	""	"□"	""	"レ"	"操作:ﾌﾟﾛｸﾞﾗﾑの開始 設定:ﾌﾟﾛｸﾞﾗﾑ/ｽｸﾘﾌﾟﾄ:%SystemRoot%\System32\dsregcmd.exe"	"□"	""	""	""	""	"□"	""	"□"	"レ"	"任意の接続"	"レ"	"□"	"□"	""	""	"レ"	"5分間"	"レ"	"□"	""	"新しいｲﾝｽﾀﾝｽを開始しない"
""	""	""	""	""	""	""	""	"ﾀｽｸの開始:ｲﾍﾞﾝﾄ時 設定:ｲﾍﾞﾝﾄﾌｨﾙﾀｰ:<QueryList><Query Id=""0"" Path=""Microsoft-Windows-User Device Registration/Admin""><Select Path=""Microsoft-Windows-User Device Registration/Admin"">*[System[Provider[@Name='Microsoft-Windows-User Device Registration'] and EventID=4096]]</Select></Query></QueryList>"	"□"	""	"レ"	"1時間"	"1日間"	"□"	"□"	""	"□"	""	"□"	""	"レ"	""	""	""	""	""	""	""	""	""	""	""	""	""	""	""	""	""	""	""	""	""	""
"\Microsoft\Windows\WwanSvc\NotificationTask"	"有効"	"ユーザーと Web の対話ごとに実行されるバックグラウンド タスク"	"NT AUTHORITY\INTERACTIVE"	"ﾕｰｻﾞｰがﾛｸﾞｵﾝしているときのみ実行する"	"□"	"レ"	"Windows 10"	"ﾀｽｸの開始:ｶｽﾀﾑ ﾄﾘｶﾞｰ 設定:StateName:7520BCA33A19870F"	"□"	""	"□"	""	""	""	"□"	""	"□"	""	"□"	""	"レ"	"操作:ﾌﾟﾛｸﾞﾗﾑの開始 設定:ﾌﾟﾛｸﾞﾗﾑ/ｽｸﾘﾌﾟﾄ:%SystemRoot%\System32\WiFiTask.exe 引数の追加:wwan"	"□"	""	""	""	""	"□"	""	"□"	"□"	""	"□"	"□"	"□"	""	""	"レ"	"10分間"	"レ"	"□"	""	"新しいｲﾝｽﾀﾝｽをｷｭｰに追加"
"\Microsoft\XblGameSave\XblGameSaveTask"	"有効"	"XblGameSave Standby Task"	"NT AUTHORITY\SYSTEM"	"ﾕｰｻﾞｰがﾛｸﾞｵﾝしているかどうかにかかわらず実行する"	"□"	"□"	"Windows 10"	"ﾀｽｸの開始:ｱｲﾄﾞﾙ時 設定:(なし)"	"□"	""	"□"	""	""	""	"□"	""	"□"	""	"□"	""	"□"	"操作:ﾌﾟﾛｸﾞﾗﾑの開始 設定:ﾌﾟﾛｸﾞﾗﾑ/ｽｸﾘﾌﾟﾄ:%windir%\System32\XblGameSaveTask.exe 引数の追加:standby"	"レ"	"10分間"	"1時間"	"レ"	"□"	"レ"	"□"	"□"	"レ"	"任意の接続"	"レ"	"□"	"□"	""	""	"レ"	"2時間"	"レ"	"□"	""	"新しいｲﾝｽﾀﾝｽを開始しない"
